Subject,Gender,SpiderPhobia,PhobiaRank,DT2_Spider,DT2_Butterfly,DT3a_JS,DT3a_6PlusEyes,DT3b_6eyeSp,DT3b_2eyeIn,DT4_JSCol,DT4_JSNoCol,DT5a_Spider,DT5a_Insect,DT5b_Spider,DT5b_Myriapod,DT5c_Spider,DT5c_NonArac,DT6_Web,DT6_Ground,DT7_Eggs,DT7_NoEggs,DT8_Eating,DT8_NotEating,DT9_Fangs,DT9_NoFangs,DT10_Hairy,DT10_NotHairy,DT11_Scorpion,DT11_NonScorp,FFT2_Spider,FFT2_Butterfly,FFT3a_JS,FFT3a_6PlusEyes,FFT3b_6eyeSp,FFT3b_2eyeIn,FFT4_JSCol,FFT4_JSNoCol,FFT5a_Spider,FFT5a_Insect,FFT5b_Spider,FFT5b_Myriapod,FFT5c_Spider,FFT5c_NonArac,FFT6_Web,FFT6_Ground,FFT7_Eggs,FFT7_NoEggs,FFT8_Eating,FFT8_NotEating,FFT9_Fangs,FFT9_NoFangs,FFT10_Hairy,FFT10_NotHairy,FFT11_Scorpion,FFT11_Non-Scorp,FRDT2_Spider,FRDT2_Butterfly,FRDT3a_JS,FRDT3a_6PlusEyes,FRDT3b_6eyeSp,FRDT3b_2eyeIn,FRDT4_JSCol,FRDT4_JSNoCol,FRDT5a_Spider,FRDT5a_Insect,FRDT5b_Spider,FRDT5b_Myriapod,FRDT5c_Spider,FRDT5c_NonArac,FRDT6_Web,FRDT6_Ground,FRDT7_Eggs,FRDT7_NoEggs,FRDT8_Eating,FRDT8_NotEating,FRDT9_Fangs,FRDT9_NoFangs,FRDT10_Hairy,FRDT10_NotHairy,FRDT11_Scorpion,FRDT11_NonScorp,RC2_Spider,RC2_Butterfly,RC3a_JS,RC3a_6PlusEyes,RC3b_6eyeSp,RC3b_2eyeIn,RC4_JSCol,RC4_JSNoCol,RC5a_Spider,RC5a_Insect,RC5b_Spider,RC5b_Myriapod,RC5c_Spider,RC5c_NonArac,RC6_Web,RC6_Ground,RC7_Eggs,RC7_NoEggs,RC8_Eating,RC8_NotEating,RC9_Fangs,RC9_NoFangs,RC10_Hairy,RC10_NotHairy,RC11_Scorpion,RC11_NonScorp
1020,Female,1.933333333,Low,1630,1787.3,1466.3,1570.8,1219.8,1664.1,1873.2,1265.6,1437.8,1452.2,1506.4,1617.3,1226.2,1586.6,1766.4,1320.1,1626.7,1380.8,1530.9,1671.9,1581.6,1439.5,1764.8,1450.3,1012,1950.4,787.1,1007.5,915.8,679.7777778,822,588.1,739.6,812.1,560.875,865.2,1010.888889,662.3,1159.8,475.5,962.5,1220.4,751.5,1001.2,567.5,587.6,1064.777778,618.4,760,591.7777778,769.3,766,1168.6,1552.1,864.5,1166,891.5,1167.4,1230.6,963.4,856.1,1018.6,854.7,1171.5,673.3,1020.2,1584.9,1073.3,1101.8,1083.6,1023.1,768.2,1182.5,946.3,1073.9,1103.6,697.7,1308.8,1.7,1.3,2,1.7,2,2.2,1.7,1.6,2,1.8,2.1,2.1,1.7,2,1.5,1.4,1.6,1.6,1.7,1.8,1.4,1.6,1.9,1.8,1.7,1.6
1254,Female,1.666666667,Medium,1549,1885.8,1823.1,1622.4,1497.5,1997.7,1845.1,1693.2,1677.2,1791.7,1976.1,1350.2,1623.9,1678.9,2170.6,1344.8,1656.6,1740.4,2015.5,1431.1,1538.1,1985.6,1461.9,1876.7,1531.9,1894.1,1058.1,1150.1,1046.9,1299.2,1193.4,1085,1216.777778,1072.1,1125.5,1200.2,1100.4,1436.4,1148,1067.1,951.6666667,1125.6,1258.1,1199,1019,1276,1411.3,1192.4,1308.888889,734.6,1213.9,1021.5,1329,1612.1,1764.1,1431.8,1397.5,1755,1588.8,1553.2,1377,1554.5,1855.5,1162.9,1270.2,1519.8,1876.4,1110.5,1370.4,1552.9,1650.8,1119.3,1546.777778,1898.2,1172.6,1601.8,1176.2,1743.3,1.4,1.7,1.3,1.4,1.1,1.3,1.2,1.3,1.4,1.6,1.3,1.5,1.5,1.5,1.4,1.4,1.5,1.5,1.6,1.4,1.3,1.1,1.6,1.4,1.4,1.3
1324,Female,1.266666667,High,1110.4,1973.4,2127.4,1238,1507.7,1845.2,1886,1462.8,1219.4,2094.1,982.9,2169.3,1119.8,2010,1812.5,1374.3,1565.5,1794.1,1361.3,1996.5,1991.3,1396.8,1816,1583.1,1803.6,1412.3,1438.4,1002.1,994.3,1086.222222,1500.8,1525.7,968.2,1295.5,1630.7,796.7777778,1586.8,296.4444444,1215.8,807,1042.1,1445.8,1833.9,1281,1290.4,527.4444444,964.1111111,1139.333333,1038.4,2161,1041.8,886.5,811.7777778,1466.6,1913.8,945.5555556,1575.125,1910.222222,1499.2,1216.9,962.3,1382,554.2,1507.9,793.6666667,1204.9,1493.222222,1102.5,1506.125,1670.666667,817,1599.9,1400.6,978.2,2138.125,1978.875,861.2,1016.8,1.6,1.6,1.3,1.3,1.1,1.1,1.6,1.4,1.5,1.9,1.8,2.2,1.8,2.2,1.5,1.2,1.2,1.3,1.4,1.5,1.5,1.6,1.2,0.8,2,1.8
1389,Female,1.8,Low,1673.1,1502.7,1445.5,1896.9,1340.2,1945.1,1697.5,1641.1,1705.3,1516.7,2109.3,1164.2,1773.6,1584.7,2158.9,989.3,1763.5,1552.9,2169.1,1149.3,1510.6,1779.3,1506.8,1745.2,1404.7,1738.5,804.5,1023.1,621.4,678.2,1003.1,508.3,566.3,954.2,850.8,593.5,687.2,602.8,1187.4,743.5,594.8,1061.1,791.1,1182.8,794.4,1289.9,751.1111111,759.9,559.3333333,854.9,649.3,638.6,1325.8,948.5,873.5,1047.8,849,1262.7,732.7,1212,1212.8,1102.8,1376.4,945.8,1360,1432.1,1323.9,652.1,1308,1109.9,1829,809.1,744.6,1068.9,823.2,1156.1,763.7,762.2,1.8,1.7,1.9,1.9,1.6,1.9,2.1,1.5,1.8,1.8,1.5,1.3,1.4,1.4,2,1.6,1.5,1.6,1.4,1.4,2,1.7,1.8,1.7,2,2.1
1453,Male,1.866666667,Low,690.5,2559.2,2343.9,1186.7,1029.1,2482.1,3145.3,438.4,1220.3,2153,1113.5,2434.8,756.5,2678.5,2360.9,1128.8,2075.8,1315.9,2016.2,1390.1,2357,1073.1,1491.5,2043.4,1315.3,2172.2,1567.25,502.9,688.4,1811.666667,1428,632.2,503.5555556,1405.7,1672.2,780,1753.8,523.4,1808.2,697.1,883.1,1045.6,821.7,1396.8,757.2,1139.8,585,1167.2,1647.8,864.1,1473.333333,1039.3,462.7,1864.1,1788.1,750.75,515.6666667,1891,1989.5,487.1111111,907.8571429,1557.4,596.5555556,1737.4,865.5,1909.4,1725.333333,854.2,1642,793.6,1206.9,1025.4,1542,525.1,959.1111111,1708.7,1042.375,1898.5,1.3,2,1.5,1.5,1.3,1.5,1.6,0.9,1.3,1.6,1.4,1.7,1.1,1.7,1.5,1.5,1.7,1.4,1.7,1.6,1.9,1.9,1.5,1.5,1.2,1.3
1463,Female,1.533333333,Medium,1115.3,1962.5,1807.7,1412.4,1570.7,1630.1,1661,1566.9,1551,1550.4,1204.4,1799.1,1273.6,1853.8,1538,1574.9,1566.6,1516.2,1679.5,1468.3,1274.6,1925.5,1580.1,1630.4,1570.3,1576,910.6,512.5,470.4444444,675.7777778,622.4,676.2222222,442.8,632.2,511.6666667,631,605,493.5,545.6,769.2857143,477.7,572.2,642.375,566.2222222,629.5555556,809.2222222,813.1111111,604.5555556,611.6666667,536.375,849.5,541.4444444,627.5,781.4,952.6,753.7,973,948,942,766.8,803.4,577,580.8,848.5,572.3,601.2,1043.5,835.4,768,545.8,870,1041.4,556.6,1242.5,688.3,663.5,810.3,1007.2,2,2.4,2.3,2.2,1.9,2.4,2,2.1,2,2.5,2.3,2.4,2.1,2.7,2,2.1,2.2,2.6,2,1.8,2.1,2,2.1,2.4,2.2,2.3
1473,Female,1.666666667,Medium,1731.1,1194.3,1523.5,1488.5,1365.7,1646.8,1230,1484.6,1489.7,1759.7,1040.3,1781.3,1210.7,2008.4,1595.4,1288.8,1646.8,1289.9,1313,1425.9,1806.1,1409,1470.1,1758.8,1603.6,1456.7,724.6666667,585.4,863.3333333,554.625,1331.888889,433.375,792.1,734.4444444,721.4,801.2,936.3,718.875,638,447.25,622,987.3333333,483.2222222,541,911.5,1094.571429,718.875,1346.666667,890.1111111,401,882.5555556,1073.75,660.7,680.9,508.3,688.5,731.2,958.4,374.4444444,465,871.3,840.7777778,384.9,713,517.6,782.1,690.3,509.6666667,607.6,390.1,529.7,556.7,1063.6,1051.125,630.5,1121,1243.2,1085.7,3.1,2.3,2.9,2.7,2.5,2.5,3,3.2,2.2,2.1,2.3,2.7,2.3,2.6,2.2,1.9,2.9,3,2.4,2.1,2.5,1.9,2.4,2.6,2,2
1816,Female,1.333333333,High,1520.7,1801.3,2015.4,1456,1434.9,1964.1,1866.5,1519.1,1566.2,1896,1480.9,1916.1,1313.3,2062.5,1510.1,1844.9,1800.6,1503.2,1590.8,1810,1934.4,1449.8,1775.2,1603.6,1256.3,2101.1,713.5,574.6666667,728.875,1151,1031.285714,415.7777778,650.9,738.7,834.3,858.7142857,1252.666667,619,1282.875,628.4285714,783.4444444,812.25,504.9,841.2222222,776.75,781.7777778,600.2222222,592.7,1053.333333,579.1,980,782.875,791.1,1068.5,1516.1,1057,906.2,977.2,1007.8,802.2,980.8,1191,940.2,1264.3,677,1434.8,912.3,957,1278.8,831,1108.9,1241.9,1052,833.7,1180.9,1354.3,990.6,1701.3,1.7,1.8,1.8,1.6,1.6,1.8,1.9,1.8,1.5,1.5,1.6,1.6,1.9,1.8,1.8,2,1.9,1.9,1.7,1.7,2.1,2.1,1.6,1.6,1.5,1.5
2187,Male,1.733333333,Low,2059.5,914.3,1299.6,1675.2,1087.9,1978,1683.4,1369.9,1597.4,1441.6,1531.3,1557.2,978.1,1886.3,1906.3,1275.6,1867,1117.3,1655.4,1213.8,1585,1335.5,1498.4,1475.9,1565.5,1302.1,748.1,632.8,551.5,479.4,669.5,442.5,520.8,591.1,789.2,573.3,1031.1,461.8,951.9,534.5,694.7,1067,491.5,823.6,477.5,788.5,477.8888889,610.5,908.3,397.2,602.625,509.1,1272.8,520.6,613.2,816,660.7,1270.5,942.2,695.5,890.1,825,935.9,866.2,542.7,1039.1,1313.7,1184.444444,981.4,578.7,826.7,783,897.5,474.9,746.3,784.6,364.8,678.2,2,1.9,2.1,2.3,2.1,1.9,2.2,2.1,2,1.8,1.7,2,1.9,2.1,1.7,1.3,2.2,1.9,2.3,2,2.4,2.3,2.1,2.4,2.3,2.1
2435,Female,1.133333333,High,1614.1,1819.6,973.7,564.7,835.9,1080.2,831.2,1015.3,1414.1,1839,1423.5,1531.9,1031.5,1589.6,1959.6,1322.6,1683.5,1375.3,1760.2,1515.7,1158.5,995,1490.4,1337.9,1307.6,1907.9,745.4,714.4444444,804.3,1149.5,481.1,556.9,488.1111111,860,773.9,853.8888889,605.7,827.9,578.8,389.6,1075.875,770.9,652.4,560.6,506.2,1143.6,621.6,482.3,410.6,516.1,652.5,739.2222222,985.5555556,1107.8,719.2222222,389.5555556,608.9,908.4,501.6,390.8888889,1020.9,1307.7,1061.1,891.7,593,626.6,1317.111111,788.8,1034.6,606.7,1240.8,985.1,835.8,462.2,483.3,720.2,756.3,1182.6,1.6,1.7,1.3,1.3,1.7,1.5,1.5,1.5,1.6,1.7,1.7,1.7,1.5,2.2,1.3,1.4,1.6,1.7,1.6,1.4,1.6,2,1.8,1.8,2,1.9
2515,Female,1.066666667,High,1157.3,2032.1,1489.5,1679.5,785.1,2520.3,1609.2,1687.9,1191.4,2188,1531.8,1505.7,1259.6,1741.1,1862,1353.2,1655.6,1479.2,1823.4,1477,1871.6,1425.7,1410.4,1761,1446.2,1813.5,751,885.1,357.125,583.6,505.8,420.2222222,522.7,290.8333333,783.4285714,396,444.75,607,494.4444444,499.6,510.7,558.5,410,578.7,371.625,811.1,361.75,435.7777778,497.2,452.2222222,825,450.5,632.5,1043.9,508.5,570.3,545.6,1072.1,591.5,352.8,502.2,777.8,425,584.8,416.5,639.8,834,582.6,676.3,618.3,849.7,719.5,684,622.1,583.5,766,597.5,926.7,2,1.9,2.5,2.5,1.6,2.1,2.3,2.6,2,2.2,2.9,2.3,3,2.8,2.4,2.2,2.8,2.3,1.9,1.9,2.6,2.3,2,2.3,2.2,2.4
2664,Female,1.466666667,Medium,1716.5,1650.3,1658.8,1529.6,1889.6,1534.5,1697.5,1711,1186.6,2218.5,1376.9,1785.4,1564.2,1926.7,1622,1673.1,1593.1,1702.9,1615.2,1799,1512.3,1869.3,1625.2,1804.8,1448.4,1760.3,669.25,548.8888889,560.1428571,875.6666667,743.1666667,619.7142857,1182,527.7777778,1177.142857,700.7142857,742.5,465.7777778,695.5,682.1666667,505.125,762.8571429,722.3,555,552.875,814.8571429,641,638.2857143,924.4,657.5714286,831.1666667,654.5714286,1086.6,1068,768.4,1073.2,1134.1,806.3,806,1048.5,711.2222222,1395,604.8,898.9,946.8,1058.3,1110.3,1074.7,1003.5,996.2,1020.3,1049.5,772.4,1150.2,928.5,798.4,674.4,693.1,2.1,1.8,2.1,2.2,1.9,1.8,2,2,1.7,2,2.5,2.2,1.7,1.9,1.6,1.8,1.9,2.1,1.8,1.8,2,2.1,2.1,2.1,2,2.2
2900,Female,1.4,High,1557,1397.3,1471.1,1480.8,1615.4,1298.3,1537.8,1425.7,1423.3,1579,1286.4,1571.8,1142.4,1796.2,1740.1,1189.1,1497.5,1352.6,1797.8,1218.9,1475.9,1386.9,1508.3,1474.3,1366,1436.3,886.4,754.6,871.3,779.7,973.125,1328.3,866.8,1011.1,1096.3,893.5,1257.9,544.7,923,669,1054.2,1219,981.6,970.3,635.4,1170.1,844.6,953.1,736.4,1056.8,1174.6,1002.8,963.5,764.5,952.8,795.2,1096.6,640.2,989.1,814.9,855.4,1041.2,654.7,1143.6,639.6,1175.9,963.8,804.4,942.6,879.8,1050.6,861.7,944.7,860.5,1013.5,1024.1,866.4,1211.5,2.1,2.4,2.2,2.1,1.9,2.2,2,1.9,1.9,2,1.9,2,1.8,2.1,1.8,1.8,1.8,1.6,1.9,1.7,2.1,1.9,1.9,1.8,1.9,1.5
2956,Male,1.466666667,Medium,1674.8,1330.9,1577.7,1784.5,1883.8,1460.1,1640.7,1585.6,1849.9,1364.7,1527.9,1516.5,976,2136.1,2087.3,1131.6,1701.1,1439,1660,1630,2011.9,1213,1479.6,1693.7,1390,1835.6,1043.3,1034.8,557.4,929,971.9,738,1115.2,910.2,604.1,860.6,738,918.3,1310.4,564.9,511.9,767.5,897.3,739.6,812.4,1008.6,925.4,1175,643.8,1020.3,741,708.4,1040.7,1222.9,1284.1,1113.9,1241.5,997.7,1044.3,1098.9,1049,769.6,897.2,823.6,536.3,1108.5,1262.7,542.6,1058.6,941.5,972.7,1050.222222,1616.7,1035,1027.9,829.1,731.6,1026.1,1.7,1.3,1.5,1.6,1.6,1.6,1.8,1.7,2,1.6,2.1,1.8,1.6,2.1,1.8,1.7,1.9,1.9,1.6,1.6,1.4,1.3,1.7,1.9,2,1.9
2972,Female,1.533333333,Medium,2128.8,1376.6,2012.7,1104.3,1335.1,1492.8,1597,1643.6,1270,1619.9,1263.3,1814.9,1302.3,1723.8,1603.8,1361.7,1957.2,1030.6,1501,1072.1,1836.6,1414.3,1722,1540.5,1678.9,1369.7,532.5,410.7777778,366.7142857,854.9,946.375,549.7777778,345.1111111,772.1666667,1257.333333,494.125,576,396.7777778,597.6666667,754.125,619.2,764.7777778,489.6666667,861.125,381,945.7777778,439.7142857,606.375,464.2,572.7,534.3333333,1287.333333,578.8,370.7,572.4,248.4,674.2,663.4,404.4,897.6,602.3333333,866.2,335.8,752.5,673.6,371.1111111,1032.4,420.8,868.3,408,482.6,429,567.8,631,728.6,474.8,644.8,819.1,1.8,2.1,2.2,1.7,1.7,1.9,2.2,2.2,1.9,2.1,2.2,2.3,1.9,2,1.6,2,2.2,2,2.2,1.9,2.3,1.9,2.3,2.2,2,1.7
3164,Female,1.666666667,Medium,1148.1,850.4,1013.2,1516.7,686.8,1781.3,1024.6,637.6,1397.1,1424.5,852.6,1294.1,664.7,1523.8,1064.8,1461.1,1390.2,1079.1,1085.9,1259.1,1278.5,1139,1113.2,1247.7,1003.6,1474.6,879.1,750.4,954.9,542.2,726.3,694.5,1499.6,2082.6,742.8,662.7,1050.6,467.6,1411.4,629.6,943.5555556,1159.4,603.5,1088.111111,843.7,1269.444444,838.7777778,619.7,1027.4,512.7,642.4,725.8,735.3,548.5,550,1099.2,417.4,1234.8,638.5,736.8571429,754.1,856.3,588.9,744.9,452.5555556,885.7,774.5,1092.666667,901.6,630.1,781.1111111,871.2222222,602.3,612.6,675.2,1022,569.4,812.5,1.5,1.6,1.9,1.9,1.8,2,1.5,1,2,1.7,1.5,1.8,1.7,1.9,1.8,1.7,1.6,1.9,1.5,1.5,2.3,2.1,2,1.5,1.8,1.9
3299,Female,1.2,High,1466.6,1376.3,1234.4,1410.4,1277.5,1972.7,1200.8,1775.7,1522.5,1660.1,1043,1862,1256.7,1783.6,1735.6,1375.4,1640,1532.5,1551.3,1348.5,1730.3,1398.9,1389,1680.2,1760.4,1169.6,949.5,524.25,937.6666667,1352.222222,850.25,627.8571429,389.6,1048.875,700.375,478.5714286,1607.625,489.5714286,1034,754.2222222,430.75,1143.666667,398.5714286,732.625,426.1,967,643,823.8571429,678.7777778,1017.571429,650.5,679.1428571,745.6,694.8,807.3333333,912.4444444,706.9,1174.2,581.1,1070.1,881.9,587.8,557.1,1103.9,728.7,1025.4,862.5,672.7777778,468.2,573,697.9,923,602.9,705.9,838.7,680.7,349.8,593,2.6,2.3,1.7,1.6,2.1,2.2,1.9,2.1,1.9,2.4,2.1,2.2,1.8,1.9,2.4,1.9,2.2,2,2.1,1.6,2.3,2.1,1.7,2.1,2.8,2.1
3450,Female,1.933333333,Low,1087.7,917.3,1023.7,904.9,678.2,897.8,705.9,1236.1,952.1,910,1016.2,1493.4,822.6,537.1,880.6,923.3,1010.7,827.4,885.1,767.2,1041.5,888.8,1126.4,553.1,1125.8,1145.3,711.3333333,754.2222222,682.9,1161.8,1677.4,1411.4,643.2,691.3333333,822.1,856.6,466,611.6666667,460.4,1133.3,871.2,564.6,849.3333333,707.7,772.3,1376.777778,1085.4,1336.8,1163.111111,1149.8,1139.666667,781.2,520.7,448,555.4,337.7777778,365.375,479,532.9,789.6,541,410.8888889,380.8,593.3,485.6,385.25,635.1111111,302.2,610.5555556,344.4,419.3333333,364.375,719.875,539.625,1038.888889,434,436.4444444,497.3333333,1.8,1.9,2,1.8,1.6,1.7,1.4,1.8,2.1,1.8,2.3,2.4,1.7,1.5,1.6,2,1.9,1.9,1.7,1.9,1.5,1.7,1.3,1.5,2,2
3935,Female,1.6,Medium,1416,1580.8,1722.5,1445,1614.7,1644,1686.8,1344.1,1706.3,1559.2,1527.4,1599.4,1508.1,1572.5,1667.7,1676.4,1655.5,1511.4,1946.8,1249.5,1617.2,1672.1,1524.8,1727.7,1495,1433.8,888.2,868.1,600.5555556,729.25,746.8888889,798.2,817.625,1089,1251.888889,968.2222222,801,703.7,675.6666667,811.7,1048.444444,1027.444444,667.125,814.25,858.8888889,1213.3,776.6666667,873.8888889,820.4444444,814.5,603.5,852.2222222,1066.333333,1022.7,1142.8,1018.7,1239.8,1114.9,1077.3,965.4,1027.3,1262.5,823.4,726.8,668.8,1009.3,1212.8,1202.1,928.2,752.4,1303.5,957.2,1172.5,1148.2,955.1,1005.8,616.4,768.1,1.8,1.7,1.9,1.7,1.6,1.9,1.9,1.7,1.8,1.5,2,2.1,2.1,1.8,1.6,1.8,1.9,2.3,1.6,1.6,1.6,1.6,1.8,2.1,2.4,2.2
3946,Male,1.6,Medium,1360.7,1662.3,1686.9,1432.6,1509.6,1436.7,1577.7,1648.9,1290.5,1772.7,1358.6,1811,1368.6,1619.9,1625.4,1425.5,1656.2,1498.9,1988.1,1133,1537.1,1408.3,1698.1,1559.6,1436.4,1614.9,1047.6,1044.285714,836,858.6666667,916.8,606.6,703.6666667,1050,1170.333333,671.7777778,950.625,623.7,841.1111111,855.5,856.5,989.3333333,793,1102,662.875,1108,883.125,855.3,952.3333333,658.1111111,1124.875,966.125,763.5,775.2,956.4,963.2,858.4,933.6,921.6,1114.3,895.7,1075,593.4,1034.8,839.7,1138.8,1257.2,926.2,1088.4,809.2,1153.7,628.8,1103.4,978,941.1,992.5,1004.8,944.9,2.2,2.2,2.2,2.2,2,1.8,2.3,2.4,2,2,2.3,2.2,2.4,2.4,1.8,1.7,2.2,2.2,2.3,2,1.7,1.9,2.1,1.9,2.1,2.1
4007,Female,1.866666667,Low,1511.5,1847.6,1454.3,2022,1610.9,1882.4,1706.3,1785.2,1560.7,1748.9,1507.1,1819.7,1543.6,1673.3,1932.6,1537.7,1973.3,1493.2,1693.2,1698.6,1608.1,1779.2,1674.1,1730.2,1393.5,1973,1775.333333,1260.9,1641.9,1095.2,1760.25,1119.8,1617.8,1189,1541,1307.9,1725.888889,1132.6,1821.9,1407.4,976.4,1542.7,957.5,1976.2,1239.5,1392.7,1051.2,1652.333333,1329,1418.6,2045,892.5,1308.9,1662.8,1483.666667,1851.4,1446.333333,1803,1706.3,1785.2,1471.6,1748.9,1365.1,1620.5,1543.6,1609,1871.1,1433.7,1973.3,1493.2,1482.8,1698.6,1535.9,1577.8,1674.1,1612,1298.4,1758.4,1.1,1.2,1.1,1.1,1.1,1.1,1,1,1.1,1,1.3,1.3,1,1.2,1.1,1.3,1,1,1.1,1,1.2,1.2,1,1.1,1.1,1.2
4057,Male,1.733333333,Low,1741.5,1583.4,1757.7,1378.9,1674.9,1741.4,1803.5,1547.3,1516.1,1844.9,1521.3,1652.1,1662.1,1448.6,1799.2,1596.3,1848.3,1345.2,1620.1,1584,1817.4,1392.2,1404.6,1722.1,1640.4,1531.8,628.1,567.8,606.7,1088.1,935.1,465.8888889,674.3333333,1000.75,714.8,1110,873.5555556,639.5,780.7,363.7,450.5,853.3,710.3,699.6,843.2,827.2,864.1,1099,540.1,1098.666667,671.8,706.4,1124.7,1038.8,1468,576.8,1051.3,860.4,1073.2,1141.6,1224.5,1323.7,829.9,1003.2,1114.8,856.7,1491,1003,1112.3,892.7,1293.8,1172,1541.888889,969.8,904.5,866.7,783.2,1017.1,1.8,1.7,1.6,2,1.4,1.7,1.8,1.9,1.5,1.5,1.9,1.8,1.8,2,1.6,1.7,2.1,2,1.7,1.8,1.7,1.7,1.9,1.9,1.7,1.7
4082,Female,1.866666667,Low,1434.3,1446.7,1340.9,1503.5,1267.3,1660.9,1514.4,1154.3,1272.5,1489,1246.9,1582.5,1369.8,1343,1399,1316.9,1498.9,1153.4,1584.5,1305,1208.9,1524.3,1234.1,1497.7,1647.4,1227.1,905.125,529.6,490.7777778,609.6,942.5555556,518.1,545.1,739.3,705.5555556,651.5,718,463.5555556,734.6666667,473,494.7,655.4,556.2222222,788.9,763,765.6,681.4,494.2,743.4444444,554.3,718.6666667,714.1,593.4,662.8,551.2,605.5,457.9,1151,552.8,437.6,585.1,793.2,575.2,701.7,459.5,620.8,706.1,457.8,889.4,377.5,762.8,694.3,606.1,579.3,572.1,606.3,625,614.4,3.1,2.8,3.1,2.8,2.6,2.3,3,3.1,2.8,2.5,2.6,3.1,2.6,2.7,2.6,2.9,2.7,2.8,2.3,2.2,2.5,3.1,2.5,2.7,2.8,2.3
4128,Female,1.6,Medium,933.1,1856.2,1394.7,1440.3,987.9,1849.9,1344.5,1394.9,1353.2,1661.4,1040.4,1725.9,1330.4,1486.2,1494.6,1086.3,1561.4,1269.1,1610,1282.2,1671.3,1120.6,1393.2,1328.5,1142,1525,568.5,790.5,504.2,550.7,1115.3,765.6,372.4,954.7,1027.1,932.7,1433.8,698.6,635.1,633.7,487.3,1134.5,988.2,495.2,573.5,770,500.6,756.8,576.9,693.5,623.4,861.4,525.1,1492.7,724.6,678.1,718.4,1115.9,526.4,917.1,941.4444444,940.1,448.2,1462.1,337.5,723.2,686.1,374.2222222,866.6,677.5,1123.8,792.7,568.4,651.7,489.1,617.9,528.3,502.6,1.6,1.9,1.9,1.9,1.5,1.7,2,1.7,1.6,1.7,1.4,1.4,2.2,2,2.1,1.9,1.9,2.3,1.5,1.7,2.4,1.8,1.7,1.8,2,2
4138,Female,1.266666667,High,1357.6,1586.9,1533.3,1463.7,1044,1776.4,1692.5,1338.5,1412.5,1473.8,1214,1486.8,1266,1590.2,1439,1258.6,1668.7,1065.4,1450,1249.8,1293.3,1748.2,1413.3,1651.3,1400.4,1651,965.875,767.7777778,707.5714286,594.4,712.2222222,975.6666667,1106.666667,815.375,1006.375,961.2222222,1906.428571,549.25,1192.5,499.8,1354.285714,1086.111111,613.875,945.2857143,721.4,1006.857143,819.1111111,827,1042.25,534.1111111,1234.166667,714.9,1016.8,1286.4,986.5,1015.7,836.8,1539.4,1240.8,1027.3,1200,1364.5,1042.555556,1331.8,827.9,1016.3,1328.4,1168.1,1292.4,820.6,1182.5,911.8,836.2,1166.3,952.6,1300.1,1260.4,1200.5,1.4,1.4,1.8,1.6,1.5,1.3,1.6,1.6,1.4,1.2,1.3,1.4,1.6,1.7,1.3,1.2,1.4,1.6,1.5,1.8,1.9,2,1.5,1.4,1.2,1.5
4448,Male,1.866666667,Low,1422.5,1444.1,1643.9,1247.5,1484.5,1558.6,1669.7,1535.9,1311.5,1624.2,1210.7,1726.2,1498.7,1596.4,1574.8,1430,1568.3,1422.4,1543.4,1466.9,1697.6,1406.1,1128.4,1649.8,1442.7,1601.6,615.5,964.5555556,884,943.3,1076.555556,841.2222222,1302.222222,810.1,1373,981.6666667,1098.5,831,1283.875,621.2,844.8888889,761.6666667,715.9,866.1111111,938.3333333,741.7777778,805.4444444,648.625,890.4,550.7,1372.555556,839.7,752,826.5,1262.5,824.3333333,774.4,815.7,1150.555556,887.6,1074.7,1140.9,760,1108.3,1040.1,905.7,847.4,932.8,889,735.8,1046.6,1002.6,1007.9,651.6,647.1,1115.6,1033.7,1118.2,2.1,2.1,2,1.6,2,1.9,1.8,1.9,1.6,1.8,1.8,1.6,1.7,1.8,2,1.9,2,2.1,1.5,1.7,2.1,2.3,2,1.9,1.5,1.8
4516,Female,1,High,902.5,2118.3,570.6,1413.8,1157,1842.8,1603,1252.8,865.4,2426.1,1032.2,1789,1437.1,1426.5,1660.3,1448.3,1832.5,1082.8,1851.7,1209.3,1287.6,1408.4,1501.2,1595.9,1604.4,1488.6,498.25,570.2222222,663,757.5555556,566.5714286,524.8333333,354.8,607.5,569.4,463.875,570,618.5714286,492.8571429,598.1111111,415.1,1008.25,530.125,758.3333333,462.8888889,731.3333333,619,547.875,599.625,448.375,600.1111111,597.2857143,486.1,1013.8,397.9,637,466.2,612.3,487.9,646,379.3,907.6,563.6,594,426.3,699.3,837.8,742.6,1058.7,466.3,630.4,799.7,773.2,502.7,573,420.6,563.6,1023.5,1.9,2.1,1.7,2.5,2.4,2.5,2.7,2.4,1.7,2,1.9,2.5,2.4,2,2.4,1.9,2,2.1,2.3,1.8,2,2.1,2.5,2.3,2.2,2
4630,Male,1.533333333,Medium,2664.3,796.4,1981.7,1302.8,2030.2,1115.9,1249.1,1683.2,1757.2,1387.2,2105.4,1058.3,1467.9,1768.3,1791.7,1384.5,1576.7,1594,1669.1,1432.7,1411.9,1669.6,1107.4,2050.9,1477.6,1663.3,594,853.5,569.7,565.8888889,503.7,598.3,962.4,658.7,712.7,923.9,1026.5,499.2,800.7,832.7,536.1,1454.5,828.8,637,681.3,1183.7,672.7,462.2,987.2,568.3,1094,732.8,1745.5,525.1,1242.4,783.7,902.9,838,782,656.1,999,866.5,835.9,699.2,832.4444444,1517.4,1243,1182,1004.5,752.3,1091.6,737.6,673,643.2,812.5,1531.6,819.8,1028.1,1.9,1.4,1.7,1.5,1.9,1.5,1.4,1.9,1.6,1.4,1.8,1.5,1.6,1.5,1.4,1.2,1.6,1.8,1.7,1.7,1.7,1.9,1.4,1.6,1.9,2.1
4907,Female,1.333333333,High,1736.6,1459.8,1532.9,1596.9,1338.4,1816.2,1699.1,1058.3,1351.7,1716.8,1511.5,1394.3,983.1,2003.6,1603,1302.4,1865,1021.8,1786,1223.5,1604.5,1404.7,1352.5,1563.2,1145.3,1779.4,600.4444444,444.2,437.4444444,900.2,810.9,532.6666667,475.3,949.9,494.2,450.6666667,643.6,418.5555556,1036,338.9,562.3,778.4,490.8,978.7777778,544.3,633.6,666.6,531.4285714,605.7777778,373.5,857.2222222,466.5,626.2,596.7,782.2,706.6,621,893.7,500.5,491.5555556,396.7,731.2,887.6,463.4,371.6,777.1,914.3,595.4,1068.2,345.7777778,783.6,567.8,739.5,559.4,324.9,368.4,406.8,869,2.8,2.7,2.2,1.9,2.3,2.2,2.6,2.5,2.3,2.5,2.3,2.5,2.5,2.6,2.4,2.5,2.2,2.4,2.3,2.4,2.6,2.7,2.6,2.5,2.5,2.6
5013,Female,1.666666667,Medium,803.2,2337,1397.3,1998.1,806.3,2421.3,1412.2,1886.4,1150.1,2147.6,1464.3,1968.1,1296.2,1915.9,1879.6,1501,1432.8,1810.4,1993.3,1355.2,1549.9,1375.8,2182.9,1244.4,1380.5,1488,699.3333333,419.5,462,498.4444444,886,426.1111111,360.7,447.2,651.7777778,507.3,588.4444444,424.5,624,396.3,470.5,588.75,575.7777778,543.8,640.1,672.3,615.1111111,378.1,487,765,459.5,471.5,469.3,776.2,640,605.3,459.4,1302.6,959.4,904.4,449.8,1054.2,869.4,573.4,627.8,1085.3,742.3,605.2,741.6,653,1346.3,751.7,1036.7,467.1,805.8,877.5,405.2,554.4,1.8,2.1,1.8,1.9,1.9,2,1.7,2,2,2.1,2,2.1,2,2.2,2,2.4,2,2.4,1.9,2.2,2.1,2.3,1.9,1.7,2.2,2.3
5037,Female,1.066666667,High,483.5,2488.5,1349.8,1718.4,838.8,2342.6,1186.7,1174.8,1013.5,2187.9,785.8,2410,1102.1,1833.1,1613.5,1166.5,1328.3,890.7,1773.8,1226.4,1273.8,1358.5,932.3,1959.6,1262.2,1436.9,1572.8,888.4,576.5,631.3333333,1108.8,613.7,449.9,938.7,1163,637.2222222,607.3,613.9,1226.2,612.8,662.3,646.4,720.7,1042.7,796.3,1076.5,630.8,1053.3,920.1,574.8888889,1055,506.2,376.75,2354.555556,543.6,923.4,650.5555556,1779.6,672.8,1054.1,677.3333333,1646.6,450.3,1379.3,555.8888889,1440.8,889.5,737.8,786,416.8,1341.4,1027.2,812.9,699.3,544.6,1108.3,600.5555556,857.3,1,1.3,1.7,2.2,1.4,1.8,1.6,1.5,1.4,1.6,1.7,1.9,1.7,1.6,1.7,1.6,1.8,1.6,1.8,1.6,1.6,1.6,1.8,2,1.6,1.8
5090,Female,1.466666667,Medium,1409.6,1750.6,1978.6,1440.1,1144.1,2054.6,1628,1448.3,1411.2,1842.4,1156.8,2051.8,1494.4,1337.6,1515.4,1686.8,1626.1,1682,1706.4,1439.8,1642.5,1466.4,1669.5,1569.5,1721.1,1555.3,896.4,824.2,935.625,1166.25,1007.555556,600.3,478.2,696.7,1655.875,782,1696.4,470.8888889,1463.7,668.5,1069.3,1094.222222,736.4285714,728.2,538.3,1302.444444,823.7,1077.5,952,961.5555556,788.9,1101.777778,1075.4,1387.6,1466.6,1336.2,819.3,1176.3,844.3,861.4,1066.9,1630.8,1008,1669,1097.666667,1091.5,1401.8,1419.6,1205.7,1236.9,1155.5,876.7,1082.1,1278.4,1084,1250.9,1135.4,1126.2,1.4,1.4,1.5,1.2,1.4,1.8,1.9,1.9,1.4,1.4,1.3,1.5,1.4,1.5,1.3,1.4,1.8,1.6,1.5,1.9,1.5,1.5,1.5,1.4,1.6,1.5
5116,Female,1.133333333,High,1028.4,1935,1427.6,1833.7,1011.3,2177.2,1588.5,1419.3,1428.7,1816,1271.8,1826.4,1526.2,1646.8,1637.2,1586.9,1610.6,1442.5,1605,1372.9,1690.5,1378.1,1628.7,1602.8,1780,1611.5,664,583.5,602.8,538.1,629.7,603.9,424.7,650.9,674,733.1111111,638.1,550.5,641.9,779.4,624.8,679.9,650.1,733.7777778,639.9,575.1,577.3,718.7,492.1,855.6666667,882.1,956.6,414,1023,617.6,834.5,529.1,939.5,852.5,694.7,904.5,807,945.3,853.8,1092.6,697.4,821.6,783.8,1015.9,528.8,796.7,638.8,858.7,906.8,684.6,682.9,989.4,1054.888889,1.7,1.7,2.1,2,1.8,2.1,2.1,2,1.8,2,1.6,1.9,1.8,2.1,2.1,2,2.1,2.1,1.9,2,2,1.6,2.1,1.8,1.8,1.8
5149,Female,1.266666667,High,711.6,2522.6,2369.1,1037,370.5,3017.2,1736.8,1697.4,722.5,1973.4,814.3,1768.9,1154.3,1572.3,1698.3,1085.9,1418.1,1547.5,1420.3,1362.6,1245.8,1581,1005.3,1787,1338.4,1724.6,1007.125,735.7,482.5,950,1023.9,604.2222222,653.3,825.9,885.8,708.1,1170.6,1018,776.5555556,431.5,552.75,1060.1,693.8,879.7,1286.5,1020.2,997.5,468.1,600.2,646.9,562,531.7,573.6,1873.4,1410.4,841.3,307.2,2334.3,1132.9,944.7,546.4444444,873.3,707.9,921.5,627.8,869.5,982.2,787.8888889,992.9,1127,979,959.1,846.7,1081.5,496.1,603.8,616.2,875.9,1.3,1.5,2,1.4,1.3,1.7,2.3,2.1,1.5,1.8,1.4,1.8,1.8,1.8,2.2,1.9,1.6,1.8,2.2,2.2,1.7,1.9,1.8,2.3,2.8,3.1
5249,Male,1.6,Medium,1812.7,1510.5,2010,1377.3,1801.2,1677.4,1945.3,1462.5,1648.1,1719.4,2066.5,1257.5,1236,1968.9,1718,1685.1,2011.5,1368.6,2364.5,994,1874,1602.9,1214.2,2168.4,1695,1781.6,625.375,637.4444444,441.3,703.25,698,976.5,555.4444444,579.7777778,784,945.5714286,495.1,513,862.875,539.3333333,601.9,662,593.25,591.6,581,602.3,797.1111111,715.8888889,949,552.875,533.375,558.2,878.7,1162.7,1542.7,947.7,1392.1,1106.2,1270.5,1012.3,1050.9,1280.7,1430.4,754.7,907.3,1283.3,1359.6,1164.2,1437.4,1040.1,1425.8,769.3,1319.7,1270.3,729.4,1301.7,1062.1,1162.9,1.9,1.7,1.6,1.5,1.5,1.7,1.7,1.6,1.8,1.5,1.7,1.9,1.5,1.7,1.4,1.5,1.6,1.5,1.7,1.5,1.4,1.2,1.6,1.6,1.8,1.6
5546,Female,1.333333333,High,1978.1,1566.3,1615.5,1788.9,1730.2,1606.6,1593.9,1880,1564.1,1833.9,1706.3,1453.9,1489.3,1621.6,1457.5,1999,1895.3,1561.1,1864.6,1451.4,1787.3,1646.6,1571.2,1857.5,1735.7,1553.4,717.1,859.3,712.875,764.7777778,692.4,926.6666667,704.125,628.2,958.2,849,612.8,591.9,740.8,644,1091,1108.4,822.2222222,768.7777778,748.2,674.125,847.125,874.2,900.4285714,668.5,840.1,624.2,1529.9,1479.8,960.6,1130.3,1160.2,861.3,1008.3,1033.2,970.6,1185.7,966.7,751.7,1182.5,917.6,1377.8,1602.7,1377.6,1074.3,1159.6,827.2,1379.6,1142.6,1105.7,1275.3,1087.8,1197.3,1.7,1.2,2,1.8,2,1.9,2,2.2,1.9,1.7,2.3,2.3,1.6,2.1,1.2,1.6,1.7,1.6,1.8,1.9,1.7,1.5,2,2,1.6,1.6
5671,Female,1.466666667,Medium,1303,1053.8,1349.6,1595.9,1579.8,1064.1,1525.6,1018.6,1060.5,1266.1,1198.1,1485.8,1307.7,1346.2,1354.1,1146.9,1384,1134.5,1260.9,1439.6,1551.7,1128.2,1527,1187.9,1318,1210.8,1234.7,816.8888889,700.4444444,521.4444444,705.2,1018.5,592.3,1141.9,739.875,901.25,624.6666667,642.6,507.9,579.1,553.6,882.4,1193.9,1613.142857,1247.4,731.3,596.8571429,589.25,821.5555556,897,1200.777778,1267.333333,455.4444444,403.2222222,538.3,548.1,474.3,500.8888889,570.6,423.4444444,346.8,362.9,337.2,575.1,455.9,587.2,359.6,225.1,665.7,434.5,484.7777778,753.1,622.9,307,483,529.4,598.8,513.7,2.6,2.9,2.9,3.1,2.7,2.4,2.6,2.8,2.7,3,3.4,2.8,3,3.1,3.4,3,2.3,2.2,2.2,2.2,3.5,2.9,3.3,2.7,2.3,2.2
5775,Female,1.866666667,Low,992.1,944.7,1535.4,820.7,984.5,1665.6,1149.5,1391.9,1074.6,1611.1,2126.2,676,834.3,1927.6,1585.2,1084.7,1097.9,1163.4,1231,1236.5,1273.9,1075.3,1026.5,1242.2,709.8,1665.1,904.7,1065,496.7,557.7,849.7,632.1111111,717.5,335.8888889,1167.2,511.6,874.5,794.2,1482.333333,409.9,434.8888889,690.5555556,660.2222222,1111.1,850.7,602,774,756.6666667,1085.8,457,1313.444444,651.6666667,434,429,563.3,542.9,406.2,951.8,496.8,373.8,342.8,653.1,886.6,368.8888889,437,763.3,430.6,307.7,554.5,300.2222222,614.4444444,444.1,373.1,454.4,454.3333333,271.7,270,373.9,2.2,2.2,2.3,1.9,2.3,2.2,2,3.1,1.9,3.1,2.2,1.5,1.7,2.3,2.9,2.6,2.5,2.1,2.1,2.1,2.8,2,2,2.7,1.8,2.7
5810,Female,1.333333333,High,1387.5,1056.7,1273.3,1289.9,1301.7,1249.8,1467.8,1339.5,933,1344.6,1268.4,1077.5,1006.7,948.8,1139.7,1229.9,1070.4,978.3,1282.9,972.2,1253.6,1137.4,1265.7,900.9,1098.6,1071.2,456.3333333,590.8888889,381.9,528.9,551.75,569.8888889,634.7,380.75,547.1111111,1048.666667,642.75,1211.5,911.2222222,803.6,401.1111111,722.375,584.8,827.1,664.3,1226.25,928.875,521.5555556,403.2222222,1026.888889,823.9,636,499.5,604.3,285.8,429.6,350.5,476.6,453.2,418.4,253.9,354.2,657.7,464.2222222,285.4444444,301.5,296.4,442,312.4,346.8,393.1,313.4444444,283.6666667,273.9,420.2,409.2222222,481.4,440.2,2.5,2.5,3,2.5,2.7,2.8,3,3.1,2.6,2.5,2.9,2.5,2.7,2.5,2.8,2.7,2.7,2.3,2.2,2.5,3.2,3.5,2.5,1.9,2.5,2.3
5847,Female,1.933333333,Low,1306,1777.7,1880.9,1340.1,1528.2,1738.2,1991.8,1174,1547.3,1693.3,1213.2,1661.2,1149.9,1918.8,1527.9,1226.7,1477.3,1449.9,1973.2,1206,1595.9,1365.2,1294.1,1660.2,1188.3,1526.7,956.5,534.3,573.8888889,943.875,763.7,729.8888889,560.9,1187.8,933.7777778,1043.8,608.2222222,614.8888889,903.1111111,650.875,770.1111111,1135.666667,757.3,866.5555556,775,1323.222222,663.1428571,746,1021.75,826.4444444,709.1,637.5,628.1,1153.3,1493.5,869.9,1194.3,1359.7,1754.7,823.2,1167.2,1163.9,719.6,1237.3,899.6,1753,1189,829.7,1085.6,1002.3,1766.4,1120.5,1000,957.5,926.8,1261.2,667.5,910.2,1.6,2,1.5,1.8,1.5,1.5,1.6,1.8,1.8,1.7,2.2,2.1,1.6,1.5,1.7,1.7,2,1.9,1.5,1.4,1.9,1.9,1.8,1.9,2,2.5
5856,Male,1.866666667,Low,1728.8,1510.6,1442,1849.3,1731.1,1468.6,1561,1639.4,1462.6,1709.3,1225.9,1913.4,1234.9,1997.5,1689.4,1549.8,1596.6,1520.4,1567.2,1574,1912.1,1354,1207.9,2033.7,1178.3,2063.2,803.7,621.1,564.1,596.6,889.9,635.6,785.6,760.4,753.5,916.9,754.7,544,1228.2,424.9,698.7,952.5,585.8,886.4,783,676.1,867.8888889,756.1,948,738.9,1275.9,627.4,1015.5,1120.6,1085.6,1200.6,1019.6,1185.4,1163.3,1139.9,1001.7,1263.9,796.7,1248,968.8,1221.3,1064.3,1159.7,1172.5,968.1,825.7,1108.4,1316.1,1107.2,888.5,1575.7,787.3333333,1787.2,2.1,1.8,1.4,1.7,1.6,1.5,1.5,1.7,1.8,1.6,1.6,1.9,1.5,2,1.7,1.6,1.8,1.7,2,1.7,1.6,1.5,1.6,1.7,1.5,1.5
5882,Female,1.2,High,1308.2,1739.4,1386.7,1701.6,1541.6,1668.2,1646.9,1637.6,1598.6,1535.7,1761.8,1374.5,1111.1,2024.6,1768.6,1392.1,1976.2,1191.9,1967.1,1226.3,1557.6,1460.1,1141.9,1894.8,1382,1819.6,583,661.7,623.3,657.1,634.1,468.6,551.2857143,686.9,813.1,512.8888889,641.4,422.6,927.1,474.2222222,578.8,923.5,403.3333333,793.8888889,686,973.1111111,513.7777778,956.8888889,680,721.5555556,736,526.8888889,780.2,828.5,828.8,1078.8,670.8,1163.8,995.5,854.3,817.9,782.3,938.5,1092.8,671.1,1012.4,894.3,984.2,1045.3,465.9,1520.6,751.5555556,799.2,581.2,667.8,1070.4,714.6,1076.8,1.9,1.9,1.8,1.7,1.8,1.7,1.8,1.7,1.9,2.1,1.8,1.5,1.9,1.9,2,1.5,2.3,1.8,1.4,1.6,1.9,2.1,1.8,1.8,1.8,1.8
6003,Male,1.466666667,Medium,2174.9,1365.7,1957.9,1475.3,1485.3,1949.3,2232.9,1271.1,1543.8,1891.6,1730.2,1700.6,1680.8,1617.1,1941.7,1518.5,1726.5,1718.5,1984.4,1309.4,1710.6,1662.3,1865.8,1469.7,1766.6,1623.4,626.5555556,686.3333333,666.1,629.5714286,863.5,544.6666667,924.5,658.9,822,474.625,703.3,593.9,824.4,511.3,437.5,595.3333333,479,689.5,495.8,763.9,599.3333333,659.4,609.1,608.9,687.4,1070.666667,1150.7,716.1,1213.4,841.3,786.6,1439.9,853.9,892.8,858.6,842.2,1005,998.3,943.6,1179.4,898.6,965.8,1041.7,746.5,1220.4,732.9,1136.5,995.5,1097.8,819.2,1463.7,824.1111111,2,2,2.1,2,1.9,1.8,1.9,1.7,1.9,2.2,1.7,1.9,1.9,1.8,2,1.7,1.8,2.1,1.8,1.7,1.8,1.8,1.8,1.9,1.6,1.6
6222,Female,1.533333333,Medium,1017.4,1737.5,1311.2,1446.2,947.6,2373.8,1846.6,1335.7,1103.3,2254.5,1315.8,1750,1632.4,1774.4,1959.3,1344.8,2156.5,945.9,1973.3,1400.7,1625.4,1163.1,1300,2048.8,1268,1835.2,927.1,1510.4,605,500.1,1065.666667,719.2222222,576.3,662.2,883.6,497.3,708.2,571.4,738.7777778,863,753,863.3,514.8,540,721.3333333,1106.4,461.3,791.1,587.5,555.6,1051.666667,939.3,759.3333333,1417.625,402.6,757.9,728.3,1553.1,1090.2,724.1,572.5555556,1547.3,641,1108.4,932.9,728.1,1284.6,1039.7,958.6,592.7,1487.9,1075.111111,931.7,623.9,677.1,1131.2,662,1118.3,1.3,1.2,2.3,2.1,1.3,1.7,2.1,1.8,1.4,1.6,1.7,1.6,1.6,1.9,1.7,1.4,1.9,1.6,1.4,1.4,2.3,2,1.6,1.8,1.5,1.5
6234,Female,1.533333333,Medium,321.1,2661.1,1189.4,1770.7,854.1,2347,1836.3,1266.9,1119.4,1780.5,777.2,2114.1,1312.3,1331.5,1050,1809.4,1315.2,1500,1246.8,1662.4,1214,1789.1,1485.1,1285.1,1655.4,1573,1456.6,602.8,513.1,494.2,534.2,433.1,406.4,610.9,838,525,586.4,402.4,547.1,551.1111111,515.7,521.3,522.7,417.8,563.6,410.1,452.7,456.1,493.5,463.2,613,496.9,265,1360.1,761.1,1305.7,425.9,1424.3,913.7,892.3,325.8888889,959.9,439.1,1217.3,625.1,612.4,539.7,558.1,486.9,808.5,826.1,914.9,668.5,1326,772.2,402.1,842.7,918.9,1.2,1.7,1.5,1.7,1.4,1.6,2,1.7,2.2,2.2,1.7,1.9,1.8,2,1.9,2.3,2.1,2,2,2,1.6,1.8,1.8,1.9,1.7,1.7
6251,Female,1.333333333,High,1079.6,966,1057.2,1270.3,1062.6,1627.3,1632,1366.1,1235.4,1659.5,899.5,1693.5,1357.8,1425.1,1716.6,1209.6,1505.3,1330.4,996,1921.2,1386.5,1028.5,1267,1381.4,1448,1148.7,1204.111111,1814.4,2397,676.5714286,994.75,799.8,1662.4,2258,1105.285714,1547.5,1227.3,532.6,1196.25,1637.166667,1624.333333,1574.714286,1410,1277.875,1948,1154.833333,1580,930.75,1297.5,355.4444444,1807,2291.6,990.75,666.25,820.6666667,1153.2,397.7777778,890.4,1721.111111,1419.875,963.4,1164.6,923.125,835.8,1551,1438.375,2083.375,1344,1086.5,689,1130.142857,1730.2,1165.777778,719.9,828.375,787.1,1479.444444,1078.666667,1.4,1.4,1.2,1.3,1.7,1.8,1.1,1,1.2,1.4,1.6,1.9,1.2,1.2,1,0.9,1.3,1.3,1,1.2,1.7,1.8,1.8,1.8,1,1.2
6268,Female,1.2,High,1452.7,1568.3,1892.6,1183,1155.3,1947.7,1490.7,1662,1309.9,1528.5,1445.9,1336.4,1239.7,1898.8,1540.3,1414.1,1822.3,1122.2,1570.3,1477.8,1613.1,1499.1,1485.1,1477.6,1301.4,1601.1,664.75,901.7777778,504.7,600.5,622.75,751,816.375,610,1045.1,476.8,581.7142857,908.4,885.2222222,523.8,657.2222222,617.2222222,812,731,826.6,887.6666667,663.4444444,542.5,564.2,964.8888889,787.3333333,672.4,696.7,975.6,817.9,630.3,650.1,847.2,645.9,628.9,832.3,849.9,800,869.1,969.4,894,917.9,807.1,1214.9,665,1019.2,857.9,743.2,723.8,827,856.9,605.2,822.3,1.7,1.9,2.1,1.9,2,2,2.5,2.3,1.7,2,2,1.7,1.7,2.1,1.7,1.8,1.9,1.9,1.7,1.8,2.2,2.3,2.1,2.1,2.2,2.4
6290,Male,1.466666667,Medium,1700.9,1405.5,1379,1541.8,1445.9,1298.3,1512.2,1472,1312.9,1608.8,1394.6,1491.1,1101.9,1794.8,1557.1,1236.9,1784.6,1157.1,1633,1159.1,1560.5,1460.1,1236.3,1604.9,1606,1364.1,985.4444444,834.8888889,819.6,1007,1093.888889,986.5,885.1,1073.2,832.6,1093.6,1465.1,1051.8,1739.9,640.1111111,877.8,904.1111111,907.9,1805.333333,728.3,884,1111.3,971.2222222,1023.7,665.2222222,984.2,1125.5,914.9,1016.4,912.2,956.5,1185.9,889.9,859,1070.4,1055.6,1220.2,1229.4,1293.2,817.7777778,1416.5,1473.888889,608.9,1568.4,871.7,947.4,934.5,969.1,952.3,873.3,919.8,1150.2,1001.1,1.5,1.5,1.7,1.7,1.5,1.6,2.1,1.8,1.6,1.6,1.2,1.2,1.4,1.6,1.6,1.9,1.4,1.3,1.5,1.4,1.7,1.9,1.6,1.9,1.5,1.6
6301,Female,1.466666667,Medium,1350.1,1793.5,1789.1,1514.7,1061.3,2027.4,1482.6,1803.3,1255.7,2000.8,1438.6,1852.7,1319.9,1873.2,1491.5,1494.6,1845,1313.9,1921.4,1327.3,1447.4,1419.5,1451,1781.6,1450.5,1649.6,495.8888889,419.6666667,510.25,418.125,516.875,463.1111111,487.5555556,509.6,524.5555556,456.6666667,504.375,347.375,733.1428571,463.9,449.8,423.75,523.6,493.5,442.1111111,450.5,385.6666667,413.6666667,464,436.7,354.8333333,553.5,331.3,525.1,670.4,337.6,330.7,1061.5,719.4,905.5,472,806.2,338.8,409.3,393.8,1005.5,564,329.4,1030.2,353.8,653.1,488.6,463.8,354.6,417.2,497.8,420.7,948.8,2.8,2.8,2.6,2.8,2.3,2.6,2.2,2.4,2.4,2.6,3,3,2.5,2.2,2.6,2.8,2,2.2,2.6,2.5,2.9,2.7,2.7,2.7,2.7,2.4
6339,Female,1.666666667,Medium,1270.2,1611.5,1501.3,1377,960.7,2198.7,1337.4,1650,1183.5,1575.2,836.6,2080.6,1282.5,1485.5,1984.8,1021.2,1558.3,1512.4,1807.2,1229.6,1655.9,1380.9,1157.1,1769,1493.8,1327.1,593.5,700.2,1007.1,1413.5,1112.2,675.1,930.5,898.3,571.1,705.3,1110.3,595.5,817.3,585.7777778,612.2,1049.3,847.8,920.2,569.5,1245.4,459.3,519.6,712.4,502.5,746.5,920.9,614.1,941,1099.555556,1086.888889,380.4444444,1487.9,1087.888889,1062.5,479.5,674.2,386.8,1771.5,722.6,876.8,1518.6,551.1111111,1315.555556,1119.2,1456.1,624.3333333,468.3,699.7,672.2,881.8,951.6,670.6,2.2,2.1,1.6,1.4,1.7,1.8,1.9,1.8,2,2,1.7,1.7,1.8,2,1.9,1.6,1.9,1.6,1.7,1.9,2.4,2.3,2,2,1.8,1.8
6519,Female,1.733333333,Low,1597.9,1905.4,2426.7,1342.1,987.8,2743.5,2366.8,1394,1754.7,1979.1,1732.7,1886.7,1295.6,2273.9,1838.5,1916.4,1938.4,1759.5,1652.3,2060.4,1913.4,1783.2,2069.3,1586.6,1675.8,1992.3,1979.8,1463,991,2203,2193,1153,601.6,2016.2,1827.4,990.2,1271.2,926.2,2271.8,533.8,2097.4,1631,877.8,1159,1620.2,857.4,683.2,1384,1226.2,1277.8,2240.8,1605.6,904.8,1546.9,2045.9,1152.3,912.2,2275.1,1992.1,1128.9,1330,1381.7,959.4,1221.8,742.3,1744.7,1375.5,1635.666667,1335,1158.8,1049.8,1241.4,1495.9,1187.6,1550.7,1305,1220.8,1868.1,1.5,1.5,1.3,1.4,1.1,1.3,1.6,1.5,1.5,1.5,1.8,1.8,1.8,1.8,1.6,1.4,1.5,1.6,1.7,1.4,1.5,1.7,1.5,1.4,1.4,1.2
6580,Male,1.933333333,Low,1737.8,1371.5,2054,1211.4,1636.1,1396.8,1954.5,1255.4,1870.3,1288.4,1839.8,1176.8,1088.2,1838.9,1676,1464.1,1526.7,1588.7,1865.5,1293.3,1666.6,1410.5,1701.8,1470.8,1409.7,1699.9,414.3,784.9,527.4,468.5,607.5,689.4,576.5,540,645.7,515.2,769,836.6,1328.3,383.3,432.2,759.1,501.8,684.9,705.6,987.4,660,420.7,646.8,542.4,909.2,774.6,847.2,993.5,1138.7,879.4,856,982.9,1002.9,591.1,669.6,807.1,1143.5,964.5,863.2,1104.7,1061.4,687.3,1157.4,987.5,1462.7,742.1,1179.2,557.2,713.5,630.1,912.4,1023.3,2.2,1.7,1.6,1.6,2,1.8,2,1.9,2,1.8,1.7,1.4,1.4,2,1.8,1.6,1.4,1.8,1.5,1.6,1.9,2.1,2,2.2,1.8,1.8
6721,Female,1.2,High,1647.3,1582.1,2054.5,848.8,1391.9,1871.1,1644.6,1404.4,1433.3,1841.7,1155,2003.8,1395.7,1617,1491.8,1498.6,1753.8,1510,1250.4,1885.6,1642.4,1444.5,1806.5,1459.9,1573.9,1662.1,853.5555556,647.2222222,899.75,1880.444444,852.4,652,552.3333333,585.5555556,847.7,349.2,1127,711.375,1103.7,435.2222222,824.375,1415.4,308.4444444,835.6666667,776.1111111,742.3,655.7,933.3333333,503.6,1062,519.1111111,647.5555556,927.9,935.1,1392.777778,853.5,669,1112.6,688.8,723.3,825.5555556,800.1,697.8,730.8,1190.444444,841.6,1012.555556,470.375,579.2,831.5,843.8,1632.2,1079.7,764.7777778,1297.9,480.2222222,819.1,726.7,1.8,1.8,1.7,1.2,1.6,1.5,2,1.8,1.7,1.7,1.6,1.9,1.4,2.2,1.6,1.4,2.2,1.9,1.6,1.4,1.6,1.6,1.7,1.8,2,2.2
6777,Male,1.666666667,Medium,878.8,2114.1,2191,1262.9,582.9,2456.1,1804.7,1590.9,1145.4,2132.6,1050.2,2242.2,1327.1,1870.5,1600.5,1730,2203.8,1057,1823.7,1548.2,1807.7,1434.9,1721.7,1508.5,1191.2,2098.7,1088.555556,603.6,740.6666667,1067.2,995.5555556,484.1,381.2222222,760.1,950.3,557.1111111,966.3,457.6666667,1367.5,494.6,979.1,879.5,726.3333333,706.3,487.5555556,760.1,458.4,736,1068.888889,583.3333333,1235.666667,661.6666667,467.7,1432.4,1624.8,1076.555556,278.5555556,1805.2,1175.6,1220.4,696.4,1115.6,593.5555556,1572.5,1139.222222,1239.6,1347.9,1051.333333,1354.9,540.6,836.6,1233.1,1077.6,545.2,852.2,902.3,745.2222222,1606,1.5,1.7,1.7,1.4,1.2,1.9,1.8,1.5,1.6,2,1.3,1.5,1.3,1.9,1.3,1.6,1.8,1.6,1.9,1.7,2.1,2,2,1.9,1.4,1.5
6834,Male,1.866666667,Low,1703.2,1240.1,1433.8,1629.2,970.1,2175.9,1482,1585.8,1299.7,1825.9,766.3,2408.5,1177.8,1953.3,1613.2,1433.7,1602.8,1445.4,1638.6,1675.3,1779.3,1450.6,1680.3,1543.8,1274.2,1802,964,755.5,581.6666667,777.1111111,936.4444444,935,728.125,1330.857143,1083.875,849.5,1415.5,498.6666667,1330.25,628.5,734.8888889,890.8,785.8888889,992.75,853.4,1482.428571,905.1111111,800.75,798.6666667,1365.857143,879.3333333,1226.166667,896.3,898.6,842.9,873,793.4,1380.4,1031,832.8,772.4,1021.1,436.2,1779.7,595.8,1393.8,831.5,665,1095.6,786.2,1364.6,1267.8,929,908.2,1159.2,911.2,644.6,751.5,1.8,1.5,1.8,2,1.3,1.6,1.8,1.9,1.7,1.8,1.4,1.6,1.7,1.7,1.8,1.8,1.7,1.7,1.3,1.4,1.8,1.8,1.8,1.8,2,2.2
6917,Male,1.533333333,Medium,1481.1,1469.3,1575,1562.7,1615.2,1656.5,1692,1397.3,1485.6,1653.8,1679.4,1446.5,1203.9,1769.9,1735.8,1307,1834.5,1374.2,1993.3,1325.5,1439.5,1698.4,1467.3,1277.4,1941,1373.6,713,790.4444444,493,570.4,622.7777778,415.5,587.8888889,532,536.8,382.8571429,640.3333333,378.875,567.125,414.7777778,492.7777778,777.125,563.7777778,682.25,685.8888889,418.4444444,598,593.8888889,443.6666667,545.7777778,539.8888889,466.1111111,649.4,573,595.7,663.6,413.8,431.8,614.3,468,551.3,394.4,811.2,433.8,433.2,694,412.5,423.8,635.3,653.3,939.8,604.8,510.1,542.1,408.8,411.1,716.8,494.7,2.3,2.4,2.7,2.8,3,3,3.3,3.4,3,3,2.3,2.9,3,3.1,3.3,3.3,2.7,2.6,2.5,2.6,3,3.1,3,2.6,2.6,2.6
6982,Female,1.4,High,919.9,928.6,967.3,1065.5,809.4,1349.9,1068.9,1013.1,990.2,1013,1112.1,575.7,954.8,1259.9,1126.8,710.3,1183.8,1010,1283.4,1081.6,754.7,697.1,879.2,1408.8,1141.1,823.1,1743.125,1247.777778,1275.1,908.1,1273.3,1396.2,1460.9,1445.666667,1315.8,1106.2,1318,2442.333333,1510.9,1139,1032,2083.3,1732.1,1483.1,2005.5,1595.1,1504.9,2135.9,1474.4,1703.1,1019.888889,1586.6,830.25,762.7,766.7777778,878.9,861.3333333,1185.222222,1174.888889,1266.375,999,847.5555556,1298,567.5714286,1027.125,1131,1135.333333,729.625,1196.142857,1105.5,1630,1070.888889,910.375,1047.833333,711.1111111,1762.285714,948.3333333,927.2857143,1.2,1.3,1.4,1.4,1,1.3,1,0.8,1.2,1.1,1,0.9,1,1.2,1.1,1.1,1.1,1,1,1.2,1,0.8,1.2,1.1,1.4,1.2
7009,Female,1.666666667,Medium,1951.2,1421.8,1956.8,1538.5,1309.3,2188.8,1456,2094.3,1833.2,1591.3,1493.9,1892.8,1459.8,1994.7,1874.6,1575.3,1851.9,1524.8,2001,1535.4,1707.5,1745.2,2073.6,1425.3,1810.9,1578.2,905.4285714,1387.285714,483.8333333,530.4285714,358.5,977,797.2857143,953.8888889,1003.333333,1093,664.1428571,433.8333333,640.375,353.5714286,426.7142857,691,954,815.25,624,615.2,698.5,774.375,671.375,777.8888889,537.4285714,896.1428571,1631.9,808.7777778,680,771.3,865.1,1940.5,965.3333333,1694.7,1526.4,1414.5,1023.3,762.3,850.5,920.7,1064.2,1070.1,1236.3,884,1020.9,940.2,1121.4,1172.3,1247.8,1049.2,1189.3,979,1.3,1.5,2,1.6,1.4,1.2,1.6,1.3,1.3,1.3,1.8,1.9,1.6,1.8,1.9,1.8,1.7,1.6,1.6,1.5,1.5,1.5,1.6,1.4,1.7,1.7
7219,Female,1,High,1411.1,1310.4,1667.4,1313.5,1820.5,1053.4,1639.7,1071.6,1575.4,1283.9,1654.5,1323.5,1454.1,1342.4,1518.6,1444,1645.3,1243.9,1830.8,1091,1308.5,1608.1,1890.8,1260,1463.1,1698.6,493.5,725.875,646.5555556,437,625.2222222,525.4,495.8,645.5555556,605.875,656,876.3333333,578.5,888.5714286,864.7777778,470.875,333.625,800.5,781.3333333,406.375,816.4444444,581.625,487.1428571,455.5,604,400.875,506.5555556,411.8,462.5,532,312.9,621.6,326.7,685.8,485.5,539.4,541,627.6,658.6,273.4444444,562.2222222,566.6,371.1,532.4,386.3,688,515.1,435.6,544.8,754.9,533.8,481.3,531.6,2.7,2.5,2.5,2.6,2.4,2.3,2.3,2.5,2.7,2.7,2.6,2.2,2.8,2.3,2.4,2.5,2.9,2.5,2.4,2.1,2.3,2.6,2.1,2,2.8,2.5
7324,Female,1.6,Medium,1487.7,1423.6,1767.8,1318.3,1323.5,1503.1,1648.8,1463.3,1400.8,1588,1207.7,1755.3,1289.8,1617,1596.5,1164.2,1594.3,1312.5,1593.3,1385.6,1766.6,1116.6,1287.2,1661.4,1096,1683.2,548.8,799.4,486.2,898.3,683.4,914.9,941.4,798,641.2,644.4,989.7,579.7,724.7,592.8,755.8,1070.7,581.5,1084.4,755.9,410.9,494.5,809.2,654.2,767.7,674.6,834.6,645.3,807.5,1024.9,477.9,854.8,1081.9,903.7,1020.1,730.9,762.4,905.2,986.3,807.2,1140.4,1064.2,726.5,916.7,844.1,840.4,727.3,873,733.4,616,1007.5,592.2,765.5,2.3,2,2,2,1.7,1.7,1.8,2,2,1.9,1.8,1.8,1.7,1.9,1.8,1.9,2,1.7,2,2,2.1,1.8,1.7,1.7,1.7,2.1
7589,Female,1.466666667,Medium,1859.3,1161.5,2523.9,607.9,1688.1,1605.8,1716.3,1811.1,1863.6,1594.6,1158.7,1638.2,1697.1,895.3,2167.1,956.2,1214.1,2008.6,1941.2,1292.5,1698.2,1844.4,1277.2,2052.9,1101.2,1706.3,1046.2,1727.555556,874.3333333,1772.4,790.4444444,867.4444444,494.6,1088.9,1086.3,843.1,1109.2,1143.555556,935.5555556,1180.444444,585.6666667,776.5555556,1146.5,1005.3,560,606.5,923,1176.4,1326.555556,927.4,1181.125,544.2,1132.222222,1157.571429,2003.3,868.4285714,1085.2,759.8,1032.6,1602.666667,1639.888889,1441,695.1,1334.777778,930.9,759.3333333,1434.2,804.8,701.2222222,1922.4,1007.8,885.6,1692.6,1786.3,1053.777778,1409.9,672.5555556,1143.8,1.6,1.2,1.5,0.7,1.7,1.8,1.7,1.3,1.2,1.3,1.5,1.5,1.6,1.1,1.7,1.3,1.4,1.2,1.8,1.9,1.1,1.1,1.4,1.7,1.5,1.7
7609,Male,2,Low,1763.9,1275.9,2004.5,1303.6,1256.3,1433.8,2119.4,913.2,1192.3,1704.1,1332.9,1747,1174.1,1357.8,1479.3,1686.7,1616.2,1557.7,1899,1223.8,1647.8,1459.3,1350.7,1689.9,1050.8,1489.6,623.5,336.9,551,1004,891.5,422.5,418.3,947.7,647.4,740.4,907.5,525.3,1669.6,1039.5,315.7,888.9,731.2,1262.222222,421.4,627.8,485.2222222,1143.7,995.6,452.9,989.5,909.5,960.5,596.4,1369.3,726.6666667,390.8,673.6,1049.5,523.2,680.9,1038.5,717.2,931.6,764.25,1180.555556,833.6,663.3,1491.555556,1095.5,1041.8,812.6,1155.9,854.7777778,920,1190.5,714.8888889,1061.6,2,1.9,1.9,1.7,2.1,1.8,2,2,1.5,1.6,1.7,2.1,1.3,1.2,1.8,2,1.3,1.5,1.8,1.6,2,1.7,1.5,1.6,1.7,1.5
7770,Male,1.666666667,Medium,1163.6,2048.7,1847.3,1426.8,949.4,2363.1,1777.6,1492,1140.6,1982.5,1572.2,1725.4,1181.6,2036,1955.3,1306.6,1634.3,1613.5,2366.5,933.3,1512.3,1815.1,1419.7,1878.3,1279,1850.1,522.4,713.1,574.7,1247.4,1356.5,559,445.4,1110.6,1407.4,813.8,1089.4,547.2,1483.7,358.9,406.7,1211.888889,1044.4,841.2,649.7,1385.777778,811.6,479.1111111,858.1,598.2,876.8,965.4444444,451.7,1280.3,1120.2,768.7,797.2,1871.3,776.2,1017.3,911.7,1640.3,1099,1429.5,722.4,1344,1457.1,630.9,1080.1,1242.7,1918.7,800.3333333,968.9,811.6,671.6,1484.4,795.5,1335.7,2.1,1.8,2,1.9,1.2,1.7,2.1,1.7,1.5,1.6,1.6,1.6,1.6,1.9,1.8,1.7,1.8,1.5,1.5,1.4,1.6,2,2,1.8,1.7,1.7
7832,Female,1.8,Low,1044.9,2307.8,1696.1,1524.1,1383.3,2047.4,1795.1,1629.2,1596.1,1660.1,1239.3,2115.3,1576.5,1611.3,1944.8,1546.3,2017.9,1475.6,1780.8,1567,1626.8,1654.6,1524.8,1701.8,1558.6,1444,955.1428571,581.875,468.25,668.25,977.6666667,682.3333333,482.2222222,723.1428571,681.8571429,656.8888889,635.625,566.875,967.5,1042.714286,612.6,1072.714286,994.75,727.5,610.8571429,817,856.5555556,798.4285714,1160,722.5,1421.625,1362.142857,621.3,1599,599.8,938.3,844.1,1210.1,977.8,727.1,710.5,864.8,599.8,956.9,883.5,836.7,1234.3,871.1,1375.4,811.8,948,845.1,1013.8,1025.1,782.9,1201.9,979.2222222,1070.888889,1.5,1.7,2,2,1.9,1.8,2,1.9,1.8,1.8,2.1,2.1,1.7,1.6,1.8,2.1,1.7,1.6,1.9,1.7,1.9,2.1,1.8,1.7,1.5,1.5
7837,Female,1.066666667,High,1345.2,1846.7,1784.2,1526.9,1078.9,2232.8,2153.6,1178.3,1091,2150.2,1374.5,1801.5,1567.7,1510.7,1091.2,1576.8,1673.2,1424.1,1480.8,1667.2,1848.9,1259.4,1187.6,2033.9,1834.9,1206.8,897.9,502.2,1115,1137.8,1351.7,729.8,706.3,1260.6,764.2,541.2,1002.1,1141.3,713,519.7,1601.888889,1128.9,833.8,693.3,846.1,729.9,627.8,823.2,1081.1,535.6666667,478.2,733.5,716.9,1161,1509,1394.555556,714.2222222,1827.3,1584.6,901.3333333,505.8,1182.7,1161.4,948.2,746.9,581.9,660.3333333,1022.333333,839.7,772.9,823.1,1202.3,1148.8,813.5,615.2222222,1034.7,566.8,560.9,2.1,2.1,1.4,1.5,1.3,1.7,1.6,1.5,2.1,2.2,1.4,1.9,2.2,2.6,1.8,1.8,2.3,2.4,1.8,1.6,1.8,1.7,1.8,2.2,2.2,2.3
7884,Female,1.4,High,1607.2,1629.9,1752.4,1594.1,1785.5,1524.6,1929.5,1407,1587.9,1806.6,1484.3,1932.2,1579,1717.8,1879.4,1383.1,2013.7,1192.5,2053.1,1312.7,1880.5,1484.6,1697.8,1632.3,1780.9,1545.9,618.5,786.5,332.125,784.4,383.1666667,487.4444444,502.4444444,632.5555556,647.375,520.4285714,541.1666667,424.8571429,538.5,416.25,362,486.75,526.25,781.625,500,889.4444444,548.5714286,446.8888889,360.3333333,474,600.5,496.875,654.8,1058.1,640,769.7,426,479.6,699.1,672.4,772.2,685.3,488.3,695.7,777.9,747.4,529.4,513.4,969.8,421.2,1171.9,942.3,372.4,675.9,277.3,667.3,801.2,588.9,2.5,1.9,2.4,2,2.8,2.4,2.5,2.2,1.9,1.9,2.4,2.3,2.1,2.4,2.6,2.5,2.2,2.2,1.9,1.7,2.2,1.9,2.8,2.3,2.3,2.1
8017,Female,1.6,Medium,1509.1,1736.4,1801.6,1636.3,1274.4,2137.1,1766.3,1679.3,1872.4,1550.7,1444.4,1907.4,1489.9,1850.6,1931.8,1530.2,1624,1747,1717.6,1653.4,1568.7,1817.8,2022.6,1355.3,1681.7,1660.3,821.8888889,595.25,669.2222222,626.25,672.8888889,889.75,712.1,522.7142857,661,691.3333333,677.875,815.3333333,969.6666667,603.1,670.8888889,356,360.125,934.5714286,746.7777778,343.2857143,1122.4,551.375,631.4444444,966.7777778,778.3,331.2857143,833.2,616.6,851.4,795.2,931,948.2,869.8,660.7,1013.5,661.3,909.4,720.9,936.6,1134.4,906.7,730.6,795.4,707.8,788.3,503.4,878,1101.4,873.8,790.1,826.7,565.4,1.9,2.4,1.9,2,1.6,2,2.3,2.4,2.2,2.1,2.5,2.5,2.3,2.3,2.6,2.7,2.6,2.6,2.3,2.5,2.3,2.2,2.3,2.1,2.1,2.8
8026,Male,1.733333333,Low,1951.1,1120.3,1606.6,1679.1,1570.9,1332.4,1699.4,1465.5,1795.7,1259.7,1845,1187.3,1701.2,1325.1,1700.6,1312.4,1476.1,1773.5,1700,1431,1543.2,1621.6,1600,1538,1945.4,1127.5,803.7,1029.6,628.4,814,601.3333333,1240.8,624.7,835.9,783.6,979.5,1108.1,917.9,1161,596.3333333,771.5,1393,953.1,710.2,879.2222222,1082.1,1382,986.5,1045.8,814.4,804.8,1222.5,1143.9,698,1029.5,986,806.2,797.1,1036.7,1059.8,1141.7,755.5,1676.5,880,1270.5,1052.7,1038,991.1,904.8,1118.4,841,979.9,1352.8,1432.9,1064.2,1109.5,1236.3,765.5,1.8,1.6,2,1.9,2,1.8,2,1.5,1.9,1.8,1.4,1.5,1.6,1.7,1.7,1.5,1.8,1.9,2.1,1.9,1.3,1.3,1.8,1.8,1.7,1.6
8056,Female,1.6,Medium,1344.5,2042.4,1811.3,1595.7,1411.2,2122.6,2026.9,1476.9,1681.8,1901.4,1525.1,1822.5,1509.1,1975.4,1999.1,1445.7,1889.7,1663.1,2404.4,1144.5,1690.4,1784.5,1801.6,1659,1469.4,1969,1211,954.7,798.7,1354.111111,1439.111111,1410,1025.375,1513.555556,1120.375,1534.857143,1336.222222,1209.8,1257,1025.555556,1103.666667,1627.444444,1298.125,1494.777778,955.1,1924.555556,1139.666667,997.7,1313.125,1252.2,1233.888889,1038.4,1105.9,1536.5,1308.9,1504,1241.2,2100,1501.9,1357.3,1622.4,1552.7,1482.8,1592.1,1361.3,1913,1822.9,1445.7,1882.9,1530.3,2346.4,1113.333333,1508.2,1569.5,1764.7,1568.2,1397.6,1656,1.3,1.5,1.7,1.1,1.3,1.1,1.5,1.2,1.1,1.4,1.1,1.3,1.3,1.2,1.5,1,1.1,1.1,1.2,1.1,1.2,1.3,1.1,1.2,1.4,1.4
8310,Female,1.333333333,High,1572.6,1390,1931.9,1355.1,1437.1,1664.9,1451.5,1872.6,1276.2,1667,1494.9,1724.1,1351.2,1730.8,1959.3,1301.9,1997.7,1183.2,2012.5,1198.6,1300.7,1930.5,1469.9,1588.9,1579.6,1703.2,563,809.8,511.5,611.2222222,876,405.5,668.1,623.9,872.7,520.8,595.2,588,1043,515.8,672.1,440.5555556,717,460.2222222,404.7,875.1,760.7,527.7,613.2,545.6,912.2,602.2,697.3,459,881.8,520,557.9,503.8,629.2,946,470.2,807.6,550.1,664.3,615.9,902.3,1068.2,574.7,1071.4,489.6,835.2,609,410.4,841.6,638.2,903,724.2,800.8,2.6,2.4,2.2,2.5,1.9,2.5,2.7,2.6,2.5,2.4,2.1,2.1,2.5,2.3,2.4,2.3,2.3,2.4,2.6,2.2,2.6,2.5,2.3,2.4,2.3,2.1
8414,Male,1.733333333,Low,1711.8,1416.6,1701.9,1504.9,1218.3,1628,1851.7,1368.1,1681.2,1655.4,1465.6,1689.3,1280.7,1982,1788.4,1583.7,1886.2,1539.9,1502,1693.3,1634.2,1575.8,1615.3,1509.2,1437.1,1841.8,885.1428571,814.2,552.1111111,545.2222222,1051.666667,1387,613.1428571,901.5555556,881.125,771.2857143,1019.375,1088.5,981.25,750.5714286,811,772.875,1307.4,948.5714286,1358.333333,1085.75,750.1111111,893,942.8571429,900.1428571,1045,930.3333333,1218.1,1026.2,879.1,911.5,658.8888889,1033.555556,1183.5,810.8,1115.4,1106.1,915.1,1041.2,737.7,1497.5,1207.5,1124.7,1304.9,1116,1174.6,1465.2,1199.9,1052.4,1386.9,1168.3,1151.7,1119.1,1.8,1.7,2.2,2.2,1.9,1.9,2.2,1.9,1.7,1.8,2.1,2.1,1.8,1.6,1.7,2,1.9,1.9,1.6,1.4,1.9,1.7,1.6,1.5,1.5,1.9
8583,Female,1.666666667,Medium,1360.5,994.1,1178.5,1049.6,1476,1081.7,1112.2,1002.2,1295.8,918.3,969.2,1224.5,1482.2,1169,1049.5,1334.7,1665.8,693.4,1334.2,1032.1,1034.5,1382.7,853.3,1343.2,1227.9,1098.3,679.7,693.75,986,1078.375,1059.25,637.4444444,592.2857143,575,667.6666667,824.4444444,894.2,641.6,651.5714286,452.2222222,774.8,898.1111111,953,1685.875,872.7777778,1088,1330.375,742,776.2222222,677.3,605,1086.5,750.7,438.9,412.8888889,391.2,579.8888889,394.7,288.5,322.7,509.6,482,409.9,760.4,527.7,459.2,377.9,670.8,1137.4,497.25,713.6,354.5,390,665.3,292,730.7,390.3,304.7,1.8,1.8,2.2,2,2.2,2.3,2.5,2.4,2.5,2.1,1.9,2,2.5,2.4,2,2.2,1.9,1.5,2,2.4,1.8,1.8,2.2,2.2,2.4,2.6
8599,Female,1.8,Low,1437.2,1883.8,1987.7,1375.6,1325.6,2051,1995.4,1554.1,1669,1815.5,1429,1975.2,1227.5,2062.9,1817.6,1631.9,1357.5,1723.8,2218.7,1249.8,1413.9,2032.9,1343.7,1956.5,1647.2,1694.3,1203.2,642.125,572.3,777.4285714,2025.625,1158.857143,606.7142857,1224.428571,951.125,1124.571429,1499,607.2857143,1368.857143,451,941.4285714,1064.75,785.7,928.5,944.3333333,1061.25,944.875,569.125,1066.875,751,1175,885.1111111,968.8,965.2,978,852,1164.222222,1555,1082.7,648.7,1378.3,1052,799.8,1235.8,728.8,1085.5,1042.4,1045.6,895.8,787.4,1363.1,750.5,715.5,906.4,1047,1042.9,929.1,1184.9,1.6,1.8,1.8,1.6,1.3,1.7,1.9,1.9,1.5,1.6,1.7,1.8,1.8,1.8,1.6,1.7,1.5,1.8,1.8,1.7,1.7,1.8,1.6,1.9,1.7,1.9
8609,Male,1.266666667,High,1344.6,1841.4,1492.9,1206.7,1051.1,2062.4,1961.2,1085,1067.2,2093.3,1155.2,2052.9,970.1,1938.6,1621.9,1204.7,2102.1,1091.4,1665,1214.9,1764,1345.5,1463.4,1658.7,1499.4,1576.5,715,545.4,626.2,474.5,780.4444444,459.2,397.6666667,534,784,434,976.2222222,614.9,688.6,758.2,587.7,631.4,470.3,806.8,492.4,662.7,567.5555556,483,516.3333333,490.6666667,530.6666667,600.1111111,596.2,735.6,708.1,609.1,492.8,1246.1,746.6,544.1,550,1072.2,732.8888889,1603,686.3,928.7,1091,562.4,1268.9,651.7,1019.1,597.5,935.4,637.1,625.4,545.9,590.4,983.5,1.9,2,2,1.9,2.2,2.2,2.1,1.8,1.9,2.1,1.4,1.6,1.5,1.8,1.7,1.8,1.9,1.7,2,1.9,2,2.1,1.9,2.2,2.1,1.8
8721,Female,1.2,High,544.8,2278.5,1532.6,1890.5,619.2,2843.8,1753,1698.8,1190.4,2112.8,1005.8,2359.6,1701.4,1652.9,1901.8,1353,1869.3,1379.3,1489.2,1733.8,2184.1,1269.4,1691.2,1571.4,1822.8,1504.3,875.5555556,544.2222222,837.1,466.1428571,822.6666667,431.1111111,398.5,1139.875,849.1111111,689.3333333,466.5714286,435.625,592.5,802.5,667.6,913.5,600.2,774.3333333,775,712.5,724,743.75,471.2222222,894.75,1081.2,654,360,1277.3,796.6,1048.9,576.7,1247.4,915.9,760.5,895.6,745.7,326,552.7,814.6,895.3,1224.8,695.6,1023.3,774.9,1049,1102.8,1193.1,733.3,890.4,564.9,938.1,1170.3,1.3,1.7,1.6,1.9,1.1,1.8,1.8,1.7,1.4,1.8,2,2.4,1.6,1.5,1.6,1.6,1.6,1.4,1.6,1.6,1.6,1.7,1.6,1.8,1.6,1.4
8842,Female,1.2,High,1230.5,1834.4,1533.5,1778.4,1603.1,1636.5,1490.9,1673.5,1355.8,1646.9,1545.9,1589.7,1751.2,1381.1,1837.9,1228.3,1688.9,1569.6,2134,1187.5,1625.5,1743.5,1563.2,1525.3,1736.1,1675.9,899.8,937,646,848,577.6666667,924.5,788.6666667,850.4,1006.6,1239,659,567,721.9,1037,892.1111111,1034,1022.555556,944.3333333,723.6,873.3,636.3333333,1246.666667,685.7,884.8888889,764.5,938.4444444,893.6,1055.2,1156.6,1316.6,1183.7,768.6,1048.1,983.7,902.5,996.2222222,694.1,869.3,1347.8,794.9,948.3,792.6666667,1242.3,1267.9,1531,828.9,1233.8,1393.9,1234.8,965.8,1372.2,1154.9,1.7,2,1.4,1.4,1.7,1.9,1.6,1.8,1.4,1.5,1.7,1.6,1.5,1.8,1.9,1.6,1.7,1.5,1.7,1.6,1.5,1.3,1.6,1.8,1.4,1.4
8895,Female,1.4,High,1638.1,1499,1687.7,1476.2,626.2,1849.6,1909.1,1048.6,1150.6,1521,1613.3,1211.9,1486.2,1403.4,1900.4,1052.7,1763.5,989.3,1521.1,1099.8,1848.1,1251.9,1564.2,1308.1,1302.9,1803.9,853.5,731.4444444,819.8,830.9,948.2222222,587.4,597,1053.2,810.1,478,520.1111111,449.4444444,787.7,492.8,766.4,1526.2,455,709.2,485.7777778,870.2,858.4,1411,367,532.9,884.6,810.9,1034.5,870.5,1256.6,1089.6,430.1111111,1198.4,1253.4,668.1111111,531.8,819.6,698.1,540.5,793.1,707.6,1559.4,1019.25,948.3,476.4,1039.8,616.4,1355.5,1227.875,421.3,740.6,931,921.3,1.7,1.8,1.5,1.5,1.3,2,1.9,1.5,2.1,2.1,1.9,2,1.7,2,1.5,1.4,2.2,1.9,2.1,1.7,1.5,1.1,2.2,1.8,1.4,1.7
8906,Female,1.333333333,High,1568.7,1786.4,1405.6,1823.9,1522.7,1854.1,1800.2,1535.2,1663.7,1738,1612.7,1739,1542.9,1770.6,1485.2,1700.5,1682.4,1651.2,1773.7,1580.1,1583.4,1726.9,1515.4,1864.6,1537.2,1754.8,729.3,778.5,362.3,748.8,478,651.5,595,592.8,588,898,763.6,1010.2,641.9,599.3,480.3,1206.4,770.3,897.7,735.4,627.5,482.9,959.2,899,672.1,676,676.4,960.6,911.7,372.4,1056.2,749,919.3,792.1,770.2,1079.2,881.9,947.7,1340.7,1056.2,1010.2,949.4,1297.9,1156.8,816.1,1167.1,856.5,759.4,1189.4,1037.7,1121.2,669.1,1035,1.7,1.8,2.2,2,1.7,2.1,2.2,1.9,1.7,1.6,1.9,1.5,2,1.9,1.9,1.5,1.8,1.7,1.6,1.9,2,1.7,1.8,1.9,2.1,2
8908,Female,1.733333333,Low,1789.1,1135.1,1220.8,1402.9,1074.6,1907.3,1533.8,1227,1300.4,1468.9,1150.4,1600,1145.4,1668.5,1774.5,1052.4,1464.8,1200.8,1490.1,1409.3,1347.4,1192.2,1699,1119.1,1308.7,1505.5,853,927.4,1071.5,927.2,921.3,865.3,792.8,922.6,915.4,885.9,1128.9,680.9,919.7,932.1,809.9,1257.9,1348.777778,1114.777778,1456.666667,1050.9,1026.6,1324.3,1048.9,1457.8,783.1,985.1,1105.6,782.1,621.2,970.5555556,876.1,1373.4,954.8,957.7,1042.1,1201.9,771.8,1231.8,750.2,1261.7,1521.1,844.2222222,1164.3,1001.555556,1231.7,1308,1145.4,918.2222222,1507.9,1006.777778,787.4,955.3,1.7,1.6,2,1.8,1.5,1.6,1.7,1.5,1.8,1.5,1.4,1.5,1.6,1.7,1.4,1.4,1.4,1.4,1.3,1.3,1.5,1.3,1.3,1.3,1.6,1.8
8928,Male,1.733333333,Low,1242,1384.8,1777.3,1270.6,1318.3,1511.2,1386.4,1186.9,1238.3,1346.2,1091.4,1203.7,1213.6,1723.4,1426.6,1687.4,1516.9,1425.2,1366.4,1373.6,1715.6,857.7,1116,1593.4,989.2,1556.7,1051.6,1232,528.2857143,568.4285714,346.4,353.5,325.2,340.8,1166,501,782.4,1056.428571,800,428.8333333,595.4,350.6,414,356.4,301.3333333,377.2,316,655.8333333,527.1666667,419.6,602.8333333,372,515.2222222,463.8888889,448.6,494.2,411.2,587.6,368.5,269.4,596.2,542.1,475.2,740.4444444,393.5,1012.2,364.7,607.3,652.3,463.7,482.1,400.2,592.7,407.6,437,461,406.9,478.7,2.4,2.7,2.4,2.2,2.2,2.4,2.1,2.2,2.2,2,1.6,1.6,2.4,1.9,2,2.1,1.8,1.9,1.9,2.1,2.1,1.9,2.4,2.4,1.9,2.3
9032,Female,1.466666667,Medium,688.1,2510.1,1815.1,1671.6,981.4,2486.1,2208.3,1286.3,908,2502.8,2268.1,1267.5,1441.9,1933.5,1927.4,1548.6,1792.1,1738.1,1488.2,2028.8,1567.1,1983.6,1484.7,1978.5,2178.3,1225.8,1141,832,547.5,593.3333333,1255.222222,482.1111111,818.5555556,923.7142857,1758.375,669.5555556,856.2222222,473.8888889,1153,714.1111111,478.375,626.4444444,675.7142857,519.875,598.2857143,619.4444444,722.5714286,799.75,881.875,847.8888889,882.7777778,1553.5,646.25,1998.9,1341.1,912.2,621.8888889,1489,1293.222222,1049.7,920.7777778,2322.2,1252.9,800,1100.555556,1171.5,1359.9,1078.5,751.6,1019.1,1039.2,1579.1,1356.8,843.3,1112.555556,1348.444444,1870.222222,1532.25,1.2,1.5,1.4,1.7,1.3,1.7,1.7,1.6,1,1.2,1.5,1.3,1.6,2,1.6,1.6,2,2,1.6,1.5,1.3,1.6,1.8,1.9,1.2,0.8
9115,Female,1.266666667,High,511.7,2214.5,695.2,1725.7,606.5,2477.8,1687.5,927.8,877.3,2269,1158.4,1460.3,1135.4,1608.4,1367.3,1549.8,1395,1220,1263,1509.7,1237.1,921.9,990.4,1350.8,1733,1259.9,1560.5,701.5555556,760.4,836.7777778,1555.333333,511.8,548.6,1374.4,1245,647.4444444,769.3,497.6666667,1368.3,770.9,1165.222222,1043.2,698.4,868.5,638.7,646.6,843.7,948.7777778,1458,1058.5,698.4,1093,346.25,1805.9,445.4,822.2,428.8888889,1621.6,1074.6,468,757.6666667,1510,477.6,719.2,536.75,751.7777778,1138.4,1069.9,650.5,621.2,824,891.1,597.8888889,536.4,740.25,973.5555556,996.4,1032.222222,1.1,1.6,1.4,1.7,1.5,1.7,2.3,1.8,1.2,1.8,2.3,2.3,1.7,2.1,1.6,1.7,1.7,1.5,1.8,1.7,2.1,1.8,1.3,1.6,1.7,1.4
9137,Female,1.6,Medium,1718,1354.2,2093.2,1049.4,1902.4,1267.5,1463,1682.3,1333.1,1699.6,1347.6,1635.8,1414.3,1657.3,1449.9,1685.1,1617.1,1608.7,1677.2,1367.2,1748.3,1381.3,1527.8,1541.4,1527.9,1522.9,967.25,664.1,881,896.2222222,1053.1,643.5,958,1275.222222,1245.125,756.875,968.5555556,546.5555556,764.6666667,559.8888889,902.5,474.8,542.5555556,1380.875,639.1111111,687.8571429,629.8,951.2222222,904,1108.333333,791.5,1467.625,1117.6,970.2,1368.5,772.9,1448,898,1187.2,1494.4,890.2,1307.2,805,1056.6,899.2,902.6,1093.8,901.7,1221.2,1087.6,908.6,676.1,1055.2,850.4,1136.9,1210.7,1182,1053.6,1.5,1.5,1.7,1.4,1.5,1.5,1.6,1.2,1.8,1.7,1.6,2,1.5,1.8,1.5,1.8,1.7,1.6,2.1,1.9,1.9,1.9,1.5,1.5,1.7,1.8
9198,Female,1.666666667,Medium,1241.4,1380.3,1711.9,1189.7,1142.8,1738.8,1709.9,1292.4,1345.9,1711.9,1158.9,1647.2,1305.5,1636.8,1706.2,1157.3,1601.3,1248,1579.9,1422.7,1605.8,1385.3,1341.1,1460.6,1125,1872,1314,620.1,640.7,917.1,1175.5,819.7,557,1143.1,985.8,1167.7,927.3,760.7,737.5,794.1,522.8,1147.1,1313,1126.4,946.1,678.2,1083.5,644.9,1333.3,544.5,654.9,1189,824.6,1164,921.6,840.2,751.9,1341.1,1346.7,817.3,904.4,1463.8,801.9,1544,823.5,1119.4,1461.8,751.8,1552.6,972.5,1119.3,1056.3,1292,921.2,1180.3,854,814.2,1650,1.5,1.4,1.7,1.6,1.4,1.4,1.5,1.7,1.4,1.4,1.4,1.1,1.6,1.7,1.5,1.6,1.2,1.5,1.6,1.5,1.4,1.7,1.4,1.6,1.4,1.3
9349,Female,1.333333333,High,1310.5,1881.2,1884.4,1549,1046,2395.9,2117.3,1470.1,1458.2,1989.4,1617.5,1845.6,1659.3,1784.8,1704.2,1656,1970.3,1622,2201.5,1295.2,1794.5,1506.2,1773.6,1548.5,1567.9,1920.7,784,879.625,966.5,715.1111111,822.125,832.5714286,484.1666667,876.8571429,764,735.2222222,838.8888889,653.5714286,1008.875,632.875,974.7777778,616.3333333,612.5,1123.142857,545.375,1053.333333,804.875,743,514.5,865,766.3333333,923.8333333,930.3,1196.7,1047.9,1181.7,934.9,1627.7,1257.9,921.8,946.9,936.9,788.5,1087.3,1253.6,1231.9,1082.5,1001.3,1629.7,1088.7,1264.9,894.3,1166.3,860.2,1064.7,881.1,1092.1,1422.8,1.5,1.6,1.9,1.6,1.5,1.7,1.8,1.8,1.6,1.8,1.9,1.6,1.6,1.7,1.8,1.8,1.7,1.7,1.9,1.5,1.9,1.9,2,1.8,1.8,1.9
9393,Female,1.066666667,High,456.2,1040.2,1043.9,846.2,584.9,1831.6,1422.2,1235.5,756,1561.9,644.4,637.6,723.4,1123,872.9,976.9,1332.6,821.1,913.7,764.7,957.8,803.6,795.4,1516.2,574.3,948.3,1712,927.1428571,452.625,1697,996,1006.166667,525.5,1352.2,1290.6,565.25,2005,834,1494.857143,1161.833333,603.2857143,1995,788.7142857,1505,1098.571429,1038.625,719.6,1121.75,640.375,726.3333333,1816.142857,1269,294.2222222,706.4,704.6,544.5555556,353.1,1017.5,689,432.2,451.5,708.6,362.625,412.1,454.5,663.2222222,474.1,399,646.8,370.2222222,568,380.3333333,596.7,481.7777778,481.2,750.9,342,847.7777778,1.6,1.7,1.9,1.5,1.6,1.8,2,2,1.6,1.9,1.5,1.6,1.4,1.6,1.8,1.9,1.8,1.8,1.5,1.8,1.9,1.7,1.8,1.8,1.2,1.3
9399,Female,1.733333333,Low,1126.7,2157.5,1796,1664.5,1173.1,2177.2,2488.9,935.3,1448.8,1956.2,1449.8,1912.1,1238.9,2080.4,1914.4,1493.6,2056.1,1243.1,1855.2,1538.4,1931.4,1451.5,1232.6,2026.4,1534.4,1815.4,1300.857143,432,640.375,982.8333333,1233.571429,606.375,650.3333333,1115.5,797.125,619.1666667,1411.333333,646.5,1264.125,632.6,911,1138.666667,1032.2,1129.285714,768.5,873.1666667,546,1749.5,769.1428571,577.25,1012.75,1119.4,560.6,859.2,846.2,815.7,553.5555556,1358.7,1079.7,589.9,547.1,887.5,626.7,942.1,836.5,1152,873.9,796.5,1014,714.3,913.1,795.7,1062.6,983.3333333,462.2,873.4,810.9,935.6,1.6,2,2,1.9,1.6,2,2,1.7,2,2.1,2.2,2.1,1.8,2.1,2.2,2.2,2.1,1.8,2,1.9,1.8,1.8,2.2,2.2,2,2.2
9495,Female,1.333333333,High,1196.2,1267.5,1233.6,1445.7,1492.1,1433.4,1346.5,1417.9,1326.2,1511.3,1198.5,1535.2,1272.3,1106.2,1337.8,1232.9,1685.3,959.8,1322.6,1079,1502.8,1461,1229.7,1420.4,954.6,2021,848.1111111,673.4444444,460,736,970.5555556,657.5555556,539,694.1111111,1051.888889,607,1335.714286,752.4444444,746.625,788.75,630.8571429,792.7777778,937.5,915.75,1174.5,1161.4,589.2,694,754,662.7,734.8333333,507.2222222,486.4,441.6,635.7,652.8,629,930.9,513.1,613.6,380.9,572.3,421.6,926.9,531.2,454.8,615.6,430.2,778.2,349.7,568.7,586.5,465.1,706.9,425.9,663.7,304.1,1004.3,2.4,2.6,2.5,2.3,2.1,2.1,2.3,2.2,2,2.3,2.4,2.2,2.3,2.2,2.6,2.2,2.3,2.3,1.8,1.7,2.5,2.1,2.3,2.1,2.3,2.5
9511,Male,1.466666667,Medium,1453.7,1365.7,1441.9,992.2,1140.2,1403.5,1395.8,1419.1,876.1,1448.4,890.7,2046.5,1106.7,1222.7,1314.1,1175.8,1577.8,924,932.5,1050.6,1365.7,1331.5,1460.3,1299.8,1159,1275.1,852.4444444,948.8,951.7,1720.777778,1263.111111,1318.9,990.4,886.2,1936.9,1036.888889,1694.555556,490.9,1511.4,1015.444444,1214,1078,1238.9,1544,1378.333333,1276.222222,1434.4,811.7,815.3,1965.285714,888.9,1362.444444,818,1042.333333,1132.8,876.2222222,927.1,1328.222222,991.7777778,958.1,966.8333333,855.6,593.4444444,1335.1,1133.777778,961.3333333,1185.111111,1032.8,986.1,622.3333333,658.7777778,584.1111111,1303.333333,1035.555556,1283.222222,1127.75,731.1,860.8888889,1.7,1.7,1.3,1.3,1.5,1.3,1.5,1.6,1,2,1.3,1.9,1.1,1.5,1.2,1.3,1.7,1.5,1.4,1.5,1.3,1.4,1.2,1.2,1.8,1.5
9528,Female,1.133333333,High,572,1930.3,1179.6,1180.9,876.1,1386.9,1274.7,900.2,651.9,1296.2,916.1,816.4,743.9,1284.3,1144.9,817.3,1243.1,1137.8,911.2,1293.7,1092.9,819.2,1230.8,1187.1,688.5,1274.1,909.7,567.2,706.5,755.3,863.8,425.2,764.9,1464.2,837.3,786.2222222,940.7,1421.2,1049.5,578.4,1153.3,1648,671.8,1021.8,1334.1,704.2,944.5,813,772,861.8,990.3,494.4,435.2,948,581.1,585.6,330.5,764.6,557,566,339.6,430.8,498.2222222,522.8888889,316.1,682.8,797.7,406.25,510.5,530.6,612.2222222,921.5,591.9,334,547.9,481.5,373.5,704,1.6,2.3,2.1,2.1,2,2.1,2.1,1.5,1.9,2.3,1.7,1.4,1.9,2.1,1.8,1.6,2.5,2,1.5,2,1.9,2.2,2.4,2.3,1.8,2.3
9569,Male,1.533333333,Medium,1730.8,1973,2279.7,1264.6,892.9,2745.5,2822.6,764.6,1466.8,2118.1,758.2,2718.1,950.2,2586.4,1578.3,2158.4,2263.3,1247.3,1762.6,1721.7,708.7,2864.9,1201.5,2337,1346.8,2221.6,1273.4,471.4285714,581.6,1268.2,2083.2,853,420,740.3333333,1607.2,816,1972.333333,844.6,2026.166667,509.8,1224.4,1274,539.4,1393.8,576.6,594.4,1915.2,606.2,1710.6,593,2042.166667,1278,687.2222222,1322,1219.2,1020.333333,724.7777778,2220.4,1964.6,507.4,878.5555556,1326.5,523.2222222,2218.3,879.125,2466.8,1416.888889,1454.111111,1683.4,744.8888889,966.5,1330.4,420.75,1813.8,824.1111111,1914.5,1296.625,1763.666667,1.7,1.8,1.8,1.6,1,1.2,1.4,1.1,2,1.9,1.1,1.7,1.2,1.3,1.1,1.2,1.5,1.2,1.6,1.6,1.3,1.8,1.3,1.5,1.2,1.4
9607,Female,1.733333333,Low,929.3,2028.1,1703.1,1421.2,931.2,2152.8,1510,1621,1071.2,2000.7,1676.5,1374.9,1183.1,1872.9,1493.3,1434.6,1433.3,1433.2,1817.7,1307.1,1431,1683.7,1490.9,1574.1,1409.9,1555.5,1329,700.5,639.4444444,1000.8,1170,644,1066.7,985.5,856.1,715,1123.1,824.1428571,872.5,790.8,576.6,1104.555556,584.1,975.875,680.3,1072.571429,1095.222222,977.9,1050.9,833.7777778,923.5,720.375,940.2222222,1402.7,1216.9,1055.8,654.1,1898.4,1124.8,1330.7,958.1,1594,1178.4,1095.5,803.5,1274.8,1349.5,1261.6,1097.1,994.5,1482.7,812.9,1260.2,1010.1,1116.5,1232,925.7,1098.8,1.1,1.5,1.7,1.6,1.5,1.5,1.9,1.6,1.3,1.4,1.6,1.5,1.4,1.6,1.4,1.4,1.7,1.9,1.6,1.7,1.4,1.9,1.7,1.5,1.8,1.9
9649,Female,1.533333333,Medium,1750.6,1526.2,1767.2,1735.3,1684.4,1809.8,1688.4,1747.9,1813.6,1695.8,1591.7,1808.6,1476.5,1900.1,1667.4,1627,1768.2,1703.8,1906.4,1457.8,1969,1476.3,1787.9,1673.2,1756.3,1600.3,817.4444444,564.8571429,1012.125,870.125,775.4,727.375,794.8333333,411.3333333,622.2,638.125,1293.666667,579.125,977.1428571,641,350.3333333,1376.777778,722.1111111,854.4285714,1125.666667,1173.444444,811,950.5714286,1007.571429,891.3333333,913.5,758.8571429,1066.2,773.9,1414.1,1250.4,1160,1308.4,1035.4,917.4,914.5,997.9,1123.6,1141.5,918.6,1032.4,1046.3,987,1322.1,1331.7,1600.2,1226.4,1322.3,1105.2,1464.4,1376.1,1099.4,1282,2,2.1,1.3,1.5,1.6,1.5,1.7,2,1.8,1.6,1.6,1.7,1.7,2,2,2,1.5,1.5,1.5,1.3,1.7,1.3,1.3,1.4,1.9,1.7
9810,Female,1.466666667,Medium,1679.3,1527.1,1277.8,1708.4,1399.2,1769.5,1629.2,1543.3,1749.3,1454.5,1935.1,760.8,1753.7,1371.5,1537.9,1525.2,1475,1466.2,1378.4,1696.5,1602.3,1505,1460.7,1535.6,1558.6,1691.1,638.2222222,501.1,391.625,416.8,619.2,466.7,637,519.1,461.9,585.2222222,880.5555556,315.3,671.5555556,528.2,435.3,642.8,511.8,672.5555556,495.8888889,572.1,570.7777778,502.4,424.1,449.1,547,652.8,516.5,659,697.3,750.3,674.4,898.6,549,816.1,961.7,766.2,1008.2,367.5,925.1,624.3,853.3,528.5,1118.5,515.7,767.5,855.2,732.1,867.6,573.2,806.7,609.4,1045.7,2.5,2.4,2,2.3,2.4,2.4,2.8,2.5,2.4,2.3,2.3,1.9,2.6,2.7,2.4,2.7,1.8,2.2,2.4,2.6,2.2,2.6,2.3,1.9,2.3,2.3
9874,Male,1.933333333,Low,1333.4,1778.6,2107.5,1038.8,1282.1,1974.6,1662.8,1602.6,1686.5,1507.5,1195.4,1926.3,1613,1355.5,1501.9,1568.2,1585.2,1553,1281.4,1690.5,1678.2,1668.9,1610.9,1323.7,1351.9,1861.1,850,559.9,1743.2,2097.1,1613.5,721.1,1261.444444,1556.777778,1224.25,1367.6,1326.285714,918.8888889,815.4,880.1,977.1,991.1111111,894.8,1585.666667,666.7,1144.888889,1463.2,1472.1,1302.5,1352.777778,1654.444444,608.4,737.2,1321.3,2634.375,1731.333333,1327.5,1430.5,1571.777778,1313.777778,1395.8,1105.8,892.5,1624.222222,1266.2,799.6,1196.4,1199,1472.9,1589.555556,944.5,1449.2,1548.3,2024.875,1503.2,1082.9,989.8888889,1627.9,1.5,1.4,0.8,0.6,1.1,1.5,1.3,1.4,1.4,1.4,1.5,1.4,1.3,1.6,1.4,1.4,1.2,1.1,1.5,1.2,1.1,1,1.3,1.3,1.4,1.4
9898,Male,1.4,High,1610,1765.4,2004,1440.1,995.2,2502.7,1817.5,1682.3,1566.2,1857.8,1222.9,2188.7,1236.4,2112.3,1657.1,1736.8,1948.7,1455,1703.5,1658.5,1890.5,1524.2,1251,2138.6,1988.3,1477.5,1067.2,743.2,792.3,867.3,1648.888889,664,559.7,910.1,1046.3,517.6666667,1029.8,842.5,1172.7,456.8,631.1,1180.6,690,1214,817.2,1039.1,544.5,941.4444444,1040.8,648.8,933.3,921,1192.7,1018.5,1211,1152.4,597.9,1931.9,1147.3,1086.4,998.7,1285.5,958.3,1575.777778,685.1,1187.3,1079.8,1311.6,1580.3,982.8,1262.1,1018.7,1147.1,1211.9,959.5555556,1649.5,1550,915.7,1.7,1.7,1.8,1.6,1.4,1.5,2.1,1.7,1.5,1.6,1.4,1.5,1.7,1.8,1.7,1.5,1.6,1.6,1.7,1.8,1.8,1.5,1.3,1.3,1.7,1.8
9937,Male,1.933333333,Low,1896.3,1466.3,1659.6,1839.7,1723.7,1760.6,1757.3,1775.8,1642.4,1903.9,1906.8,1486,1730.5,1693,1769.4,1836,1677.9,1726.3,1962.7,1563.8,1470.6,2065.1,1892.3,1655.4,1655.8,1784.7,920.4285714,1117.625,1280.5,714.1428571,1072,941.6666667,636.5714286,776.25,292.2,918.2857143,1050.75,941.5555556,936.75,1051.75,882.875,904.625,1118.625,1142.111111,793.375,1233.5,684.2857143,854,587.4285714,771.2857143,731.125,841.5,1011.1,1130.7,1063.8,1341.7,1235.7,1223.9,965.7,1239.6,1070.5,1389.5,1239.9,1154.7,1196.8,825.4,1187.3,1406.8,1113,1220.9,1528.5,1105.6,861.8,1352.7,1082,959.1,1140.2,953.6,1.7,1.4,1.5,1.8,1.8,1.6,2,1.8,1.8,1.8,1.7,1.7,2.1,1.9,1.9,1.6,2.1,1.8,1.5,1.6,1.6,1.6,1.7,1.8,1.8,1.9
9956,Female,1.4,High,1637.3,1471.1,1544.4,1638.1,1698.1,1616.7,1799.3,1504.1,1654.6,1645.6,1488.6,1750.9,1398,1759.8,1711.6,1519.2,1642.8,1467.4,1838.6,1319.3,1661.9,1557.5,1373.4,1749.1,1591,1706.4,803.6,737.7,704.8888889,989.3,664,1047.7,516.7,952.2,856.5,554.3,772.9,638.2222222,878.2222222,467.7,516.4,917.2222222,662.3333333,954.9,561.3,794.2222222,700.6666667,793.7,742.4,962.8888889,1015.5,615.9,1019.1,730.8,1063.3,1013.9,1186.9,1134.7,1049.4,917.2,1092.4,891.4,1111.9,1042.1,590.8,950.6,1000.2,1018.1,1152,1065.7,1042.8,810.6,1057.3,938.1,900.3,811.2,1031,1101.3,1.9,1.8,2.1,1.8,1.9,1.8,2,2,2,2.1,1.5,1.6,2.3,2.3,1.8,1.8,1.7,1.8,2,1.9,1.8,1.8,2,2.1,2,2.2
10675,Female,1.8,Low,1683.5,1603.9,1857.8,1514.7,1351.5,1981.6,1727.2,1607.5,1584.2,1679.7,1415.8,1813.7,1460,1740,2185.3,1132.5,1926.9,1466.3,1293.8,2081.9,1531.3,1632.6,1457.2,1850.5,1411,1730.4,843,732,692.5,859.4,815.1,777.3333333,505.6,542.2,846.8,1056.8,1129.3,382.4,831.1111111,434.1,534,1330.5,499,991.7,755.1,899.9,615.1,919.7,694,496.1,526.9,1155.6,694.2,989.7,1203.2,1062,678.9,1686.3,766,857.4,1069.4,1261.4,746.2,1087.1,685.5,1015.2,1506.1,603.7,1536,1123.4,946.8,1628.2,759.3,1075.3,553.4,1246,941.9,1527.1,1.9,1.7,1.8,1.7,1.9,1.6,2,2,1.8,1.6,1.8,2.1,2.2,2.3,1.6,1.7,1.5,1.7,1.6,1.5,2.3,2,1.8,1.7,1.8,1.4
11197,Male,1.266666667,High,2065.4,1002.7,1293.5,1500.1,736.1,2361.2,1615.8,1289.3,1233.4,2046.1,1260.3,1720.3,995.2,2038.4,1437.8,1461.5,1451.6,1379.8,1514.3,1514.1,1544.8,1502.4,1644.9,1348.6,2012.6,805.1,561.2,562.5,454.3,656.7,660.125,460.4444444,443.1111111,717.7,941.5555556,550.6666667,638.8,520.2,660.8,567.6666667,818,893.6,752.3,522.5555556,642.6,894.8,984,680.6,663.7,529.6,628.1,741.8,1296.4,740,897.4,718.8,357.9,1323.1,650.9,1037,1136.1,1690.5,842.2,1022.7,716.5,954.4,844.3,963,933.8,613.8,1149.3,861.4,1149.888889,865.9,1043.1,561.4,1210.2,513.3,1.7,1.4,1.7,2,1.6,1.9,2,1.8,1.1,1.4,1.7,1.7,1.7,1.9,1.9,1.8,1.8,2.4,1.5,1.7,1.8,2.1,1.7,1.8,2,1.5
12224,Female,1,High,497.1,1030.6,739.2,604.6,715.4,1539.1,780.7,1281.5,1010.9,1579.2,1370.9,581.9,595,1273.7,503.4,939,834.2,918.9,578.5,1179.1,906.9,518.2,691,813.2,908.3,1082.6,2000.7,1771.4,2429.4,2387.6,2078.2,1213.1,1803.5,1413,1999.5,930.5,741.2,1445.8,1996.2,1586.4,1823.4,2091.6,1930.7,1664.3,1665,1489.6,1905.7,2307.2,1401.6,2215.5,1689.7,1183.9,481.2857143,865.875,446,367.8,689.1666667,1586.125,542,1171.5,941.375,1119.333333,847.5,407.5,556,907.625,559.8571429,807.6666667,751.5,679.625,649.7142857,610.4444444,955.6666667,384.7142857,667.625,526.2857143,961.2857143,775.1111111,1.3,1.5,1.2,1.2,1,1.3,1.6,1.1,1,1.4,1.9,1.4,1.2,1.6,1.1,1,0.9,1.4,1.3,1.8,1.5,1.1,1.3,1.5,1,1.6
12246,Male,1.733333333,Low,1389.9,1772.8,1683.9,1348.2,1683,1352,1659.1,1420.6,1788,1190.4,1059.4,1835.5,1444.8,1646.7,1188.4,2051.3,1765.6,1190.3,1610.3,1377.3,1499.9,1486.9,1692.3,1442,1582.1,1470,725.4444444,514.8,599.1,789.1111111,747.7777778,680.5,460.8,712.8,668.7,1037.2,1419,407,622.75,881.8888889,1163.555556,718,605.5555556,524.1,641.1111111,677.2,795.625,774.3,613,503.6,674.9,839.3333333,326.9,949.4,754.1,562.7,882.2,463.6,515.7,565.1,603.8,371.8888889,558.1,973.6,451,685.7,495.2222222,1060.8,635.6,413.6,884.2,511.6,836,759.9,867.2,399.4,625.5,616.1,2.6,2.5,2.5,2.4,2.6,2.7,2.6,2.5,2.4,2.2,2.3,2.5,2.9,2.6,2.1,2.6,3.1,3.1,2.2,2,2.4,2.1,2.5,2.5,2.6,2.6
13007,Male,1.733333333,Low,708,2242.1,1617.7,1517.6,806.1,2480.5,2386.7,1053.5,817.9,2495.5,1212.1,2036.3,1080.6,1897,1885.4,1436,1985.6,1226.5,1661.3,1560.9,1865.2,1411.5,1230.4,2068.9,1476,1781.6,1036.888889,516.4,617.5,1279.75,1184.666667,418.6,486.2,539,1495,790.375,904.875,612.875,1057.222222,427.8,573.875,669.7777778,601.7,949.7777778,521.6666667,678.2,602.7,769.1111111,698.6666667,871.3333333,861.6,605.4444444,454.3,1238.7,1258.5,1083.7,301.7,1983,1247.2,631.5,697,1997.5,626.8,1210.2,858.9,890.3,1171.2,1031.6,1280.3,845.3,1151.6,1350.6,1022.3,1041.5,845.6,1419.7,1078.555556,1200.6,1.2,1.7,1.8,1.6,1.7,1.7,1.7,1.7,1.1,1.5,1.5,1.5,1.3,2,1.7,1.5,1.7,1.6,1.4,1.3,1.6,1.3,1.3,1.5,1.4,1.5
15822,Female,1.733333333,Low,1302.7,1545,1573.7,1379.5,1285.9,1545,1642.3,1240.2,1261.6,1610.5,1364.3,1602.1,1198.1,1684.5,1838.5,1038.4,1685,1052.7,1899.8,1133.5,1690.7,1227.1,1263,1661.8,1330.6,1578.2,1047.5,577.2,597.8888889,774.3,1266.8,675.8,681.4,784.6,888.6,837.7,828,799.5555556,1246.5,469.5,679.2,1172.5,534.9,778.9,721.3,616.7,663.3,561.1,643,728.4,691.2,747.5,725.2,883,816.1,1116.5,844.4,928,785.4,770.4,732,1058,899.3,1073.8,564.1,1155.2,1318.8,602.2,1217.4,717.7,1245.7,606.8,1127.1,638.8,820.3,1249.2,568.5,945.5,1.7,2,1.7,1.4,1.5,1.8,2,1.9,1.8,1.8,1.7,1.7,1.8,2,1.9,1.7,1.6,1.6,1.5,1.6,1.4,1.9,1.5,1.5,2,2.2
16000,Female,1.133333333,High,1171,1760.1,2093.9,1177.3,1053.4,2097.5,1995.9,1332.6,1514.8,1717.7,893.5,2188.6,1314.5,1765.9,1458.2,1777.4,1887.4,1335.2,1684.2,1585.7,1391.1,1760.5,1534.5,1665.8,1514.7,1798.1,535.8888889,474.1,418.4444444,475.1,565.5,362.3333333,374.1111111,394,518.2222222,377,343.2,432.6,611.6,392,557,430.8,316.2222222,733.7,552.6666667,362.1428571,572.4285714,441.5,467.5,307.2,766.4444444,433.3,537.1,686.2,904.6,758.6,720,722.3,777.7,617.1,752.7,707.1,365.4,841.4,524.8,639.6,573.3,822.9,524.1,811.3,751.9,475.3,334.4,906.9,1131.8,469.5,916.9,983,1.7,2.1,1.9,1.7,1.6,2.2,2,1.9,1.6,2,1.8,2.2,1.9,2.2,2.1,1.7,1.8,1.3,2.1,2.2,2.5,1.9,1.4,1.8,1.5,1.6
17488,Female,1.2,High,2316.9,1262,1363.2,1880.2,1619.9,1762.4,2073.8,1145.4,2019.3,1219.7,1682.4,1469.8,1736.5,1389.8,1685.7,1440.6,1904.9,1389.8,1662.9,1548.8,1800.9,1361.8,1573.3,1625.3,1145.2,2016.3,462.4,765.5555556,434.875,521.8888889,876.1428571,553,557.5,765,586.7142857,1097.5,695.375,600.1428571,533,521.75,468,715.125,480.8888889,723.3,972.2857143,921.5555556,532,530.625,908.75,397.625,1106.142857,502.7142857,1341,868,646.2,709.4,688,890.5,1101.3,765.3,1062.6,687.9,1020.2,837.9,735.9,591.2,997.7,566.2,1313.8,605.6,982.1,1288.4,746.3,554.1,777,788.9,638,1255.9,1.9,1.7,2.2,2.2,2,1.9,1.8,1.7,2,2,1.8,2,2.2,2,2.2,2,2,1.9,1.8,1.4,2.3,2.2,2.1,2.4,2,1.8
17651,Female,1.8,Low,1267.8,1634.1,1464.6,1518.1,1400.4,1858.3,1820.1,1246.1,1144.5,1993.6,1584.2,1283.5,1118,1919.9,1542,1638.2,1927.5,1186.3,1996.2,1242.5,1747.1,1444.9,1639.2,1511.6,1497.3,1678.3,1064.5,1087.2,764.4,885.7777778,1044,1139.8,760.1,1072.5,981.5,866.4,1164.2,824.7,1832.8,538.5,945.7,1084.285714,870.4,1278.8,701.9,1284.8,1165.9,898,807.6,973.8,1256.555556,1050.5,955.9,1119.2,908.8,1052.2,1170.3,1317.5,1068,803.3,910.6,1176.7,1181.7,980.9,865.7,1702.2,1253.9,1055.1,1654,955.6,1596.5,1060.7,1260,1178.9,1315.5,1241.7,1204.333333,1368.6,1.6,1.9,1.8,2,1.4,1.6,1.8,2.1,1.5,1.9,1.7,1.4,1.5,1.5,1.5,1.9,1.6,1.4,1.6,1.3,1.6,1.6,1.4,1.5,1.6,1.5
17826,Male,1.666666667,Medium,1481.7,1828.5,1826.3,1457.2,879.1,2449.8,1634.2,1569.7,1411.9,1887.6,925.2,2268.8,1239.2,2048.4,1742.4,1451.5,1995.5,1113.6,1725.6,1514.5,1570.2,1665.4,1040.1,2185.1,1497.5,1795.9,595.1111111,507.7777778,751.7777778,535.8888889,1828,819.7,884.3333333,784.4444444,1489.625,868.3,1522,589.2,763.4,614.4444444,800.4444444,1106.2,883.2222222,1469.25,698.1111111,725.4,952.75,858.75,1068.7,541.8888889,1301.125,845.7777778,685.9,984.9,1250.3,698.8,772.5555556,2082.7,987.4,1007.5,983.8,1615.3,528.7,1745.1,795.8,1185.3,1436,799,1567.8,775.7,1080.7,925.6,1248.9,998.2,597.8,1442,797.4444444,1203.4,1.8,1.9,1.8,1.8,1.2,1.6,1.9,1.8,1.5,1.6,1.7,1.8,1.4,1.7,1.4,1.5,1.6,1.7,1.8,1.7,1.5,1.7,1.6,1.8,1.7,1.8
17908,Female,1.6,Medium,744.2,2386.1,1605.2,1688.6,812.9,2499.1,1912,1370.3,1048.9,2253.2,1602.3,1643.6,1217.3,2061,2077.2,1280.4,1766.1,1557.8,1724.5,1649.7,1788.1,1534.6,1451.5,1786.5,2101.5,1178.3,1047.5,835.7,627.8,573.3,972.4,664.8,592.5,801.5,1032.3,642.1,820.1,670.7,897.4,602.6,825.3,561.4,672.6,871.2,750.3,900,603.3,892.8,693.2,719.5,920.9,735.7,718.7,1999.2,794.5,973.8,721.3,1879.1,954.4,1108.8,770.5,1343.4,1061.2,996.7,1017.6,1097.2,1636.8,805.5,1243.2,1250.1,1434.6,1416.2,1231,1182.8,1092.1,1289.8,1382.7,1024.6,1.1,1.4,1.7,1.6,1.2,1.5,1.6,1.3,1.3,1.7,1.6,1.6,1.1,1.7,1.3,1.5,1.6,1.3,1.4,1.3,1.5,1.4,1.5,1.4,1.6,1.3
17929,Female,1.333333333,High,979.7,1956.6,2030.8,1081,1030.4,2171.3,1457.9,1505.6,1662.9,1583.1,1427.3,1464.8,1657.9,1349.3,1864.9,1388.7,1945.9,1340.6,1818.1,1353.9,1552.7,1614.2,1323.1,1886.6,1554.2,1750.6,1352.5,1038.444444,624.2222222,1358.888889,1126.222222,859.4,747.4,1285.125,863.2857143,1315.111111,917.6666667,795.2222222,1332,490.875,1109.444444,1451.25,707.5,1398.555556,1116.4,862.875,760.4,955.375,1120.666667,767.625,654.5714286,1334.25,794.4,1516.2,1359.3,1067.888889,829.4,1547.3,1118.111111,903.3,1073.1,1194.555556,1046.2,829.1,1013.6,845.3,1573.6,878.4,1306.4,1045.2,1619.2,1121.8,1116.8,1099,728.4,1292.8,936.6,1349.9,1.3,1.5,1.7,1.1,1.3,1.5,1.7,1.8,1.5,1.3,1.4,1.6,1.6,1.9,1.4,1.5,1.5,1.3,1.3,1.2,1.4,1.7,1.6,2,1.6,1.5
17954,Female,1.266666667,High,1085.8,2218.6,1780.7,1707.1,1366.6,2118.9,1768.9,1791.8,1192,2182.6,1711.4,1630.5,1600.4,1859.4,1660.1,1805.4,1951.2,1496.1,1882.9,1469.6,2022.8,1468.2,1682.7,1799.4,1442.2,1909.2,849.7777778,1063.625,1208.25,784.375,1179.625,1097.857143,1312,887.5714286,995.6666667,818.7777778,671.4444444,1237.625,1104.111111,1097.125,874.8,993,1193.5,985.8888889,972.4444444,1176,1312.571429,1314.142857,1460.714286,1033.75,1158.333333,955.8888889,919.5,1495.3,1357.4,1234.4,1120,1486.1,1235.7,1264,886.7,1369.8,1127.7,1039.7,1215.4,1398.2,1403,1249.9,1612.6,1155.7,1601.1,1184.7,1521.3,1294.4,1296.2,1458.7,986.6,1427.2,1.3,1.6,1.6,1.7,1.5,1.8,1.7,1.7,1.6,1.8,1.7,1.6,1.5,1.7,1.4,1.6,1.6,1.4,1.4,1.5,1.6,1.3,1.6,1.6,1.7,1.6
18476,Female,1.333333333,High,302.6,2575.6,1116.9,666.5,494.1,2504.3,1190.3,502.8,640.5,2302.2,748.6,2184.4,898.6,1584.6,1788,832.3,818.6,1118.8,1271.4,632.3,871.8,651,1078.4,1511.9,2351.4,738.4,2276.8,822.3,1439.9,1854.4,2005.8,663,1298.2,1628.1,1364.7,531.9,1866.7,583,1609.7,1202.2,821.5,1045.6,949.3,1330.6,1831.1,1664.5,1897.3,1780.5,680.6,697,743.2,1482.5,504.3333333,2180.2,697.625,932.8333333,539.125,1748.5,1246.375,670.1428571,485.4444444,1323.8,594.375,1936.7,720.5714286,1574.444444,1299.888889,779.8888889,680.6666667,688.6666667,1524.428571,552.625,754.1428571,552,868,1045,1541,524.25,0.6,1.3,1.3,0.8,1,1.7,1,0.8,1.3,1.9,1.2,1.5,1.1,1.2,1.5,1.2,1.2,1.4,1,1.1,1.2,1.3,1.4,1.6,1.5,1
18584,Female,1.666666667,Medium,1385.2,1528.3,1674,1125,1198.8,2007.2,1552.9,1392,1840.6,1299.5,1469,1450.4,1620.5,1369.5,1652.6,1346.5,1951.2,840.8,1934.5,1049.2,1511.5,1269.1,1088,1775.8,1692.7,1182.3,999.4,647.7,606.9,549.5,643,718.9,680.6,578.4,875.5,840.4,911.7,520.1,703.6,719.8,833.6,1090.1,798.1,871.1,674.7,1152,665.4,1086.666667,707.5,752.2,828.1,1178.2,965.9,1056.3,1425.6,587.7,678.9,1332.6,883.6,849.7,1486.4,796,950,927,931.2,759.9,1117.7,830,1580.1,543.4,1399.4,626.5,1077.5,877.8,757.7,1107.8,1307.9,944.8888889,1.8,1.6,1.6,1.7,1.6,1.7,1.8,1.7,1.5,1.6,1.5,1.7,1.6,1.6,1.6,1.6,1.7,1.6,1.5,1.7,1.6,1.7,1.4,1.8,1.7,1.4
19050,Male,1.666666667,Medium,1344.6,1639.8,1605.7,1514,1258.4,1839.6,1703.3,1235.3,1274.7,1783.3,1087.6,1714.4,1481.3,1540.5,1480.5,1632.7,1672.2,1383.1,1732.9,1371.5,1555.1,1498,1543.8,1397.4,1749.2,1316,960,830.5,624.4,985.7,914.1,958.5,636.5,1131.4,1474.222222,897.1,1521.9,751.9,1255.5,760.6,727.6666667,575.7,728.5,1441.375,506.9,1352.4,889.2222222,919.1111111,778.5555556,958.6,740.8,1181.9,837.6,907.3,1497.8,1086.1,1049.1,1222.4,1277,780.7,1054.666667,1515.4,741.3,1228,1091.9,1210.9,1006.3,983.7,1328.3,1037.9,1561,1114.1,1129,1343.4,1294.1,1245.7,1460.5,1000.3,1.7,1.8,1.4,1.4,1.4,1.8,1.8,1.9,1.2,1.4,1.6,1.7,1.3,1.3,1.8,1.8,1.6,1.6,1.4,1.5,1.7,1.4,1.4,1.3,1.5,1.6
19307,Male,1.666666667,Medium,1348.3,1707.3,1861.1,1495.7,1312.7,2067.6,1849.3,1373.4,1472.9,1887.9,1468,1649,1437.3,1841.2,1793.9,1549,1836.7,1428.1,1191,2036.6,1800.5,1496.7,1852.6,1445.8,1627.6,1562.7,1779.888889,536,614.1,875.875,1224.111111,795.125,866.5555556,771.3,1532.555556,721.7,979.7,665.3333333,784.8,687.7,1079.75,1043.8,949.2222222,1109.4,1689.6,527.7777778,744.1,1807.75,731.1,988.3,723.625,1283.1,940.3333333,1587,1246,784.3,1045.8,1586.4,1149.3,1021.6,865.5,1457.1,1145,1024.8,869.3,1184.1,1396.1,1176.2,1506.6,917.3,802.8,1512.7,1610.1,1243.6,1187.7,1125.6,1235.9,946.1,1.6,1.4,1.5,1.7,1.4,1.4,1.8,1.7,1.7,1.6,1.6,1.8,2,1.7,1.4,1.4,1.6,1.6,1.7,1.8,1.4,1.5,1.7,1.6,1.8,2
19464,Female,1.8,Low,1667.3,1667.2,1791.6,1618.6,1052.4,2476.9,2354.3,1068,1638.9,1900.7,1549.7,1657.2,1247.9,2121.7,1816.6,1286.9,1674.9,1690.7,1531.7,1882.1,1588.6,1597.2,1640.4,1833.9,1308.8,2176.8,691.5555556,617.3333333,649.3333333,688.625,434.5,620.8571429,621.3,1157.555556,512.1428571,575.5,784.1428571,637.125,630.1428571,389.1111111,503.3333333,684.4444444,910.5,677.75,515.3333333,706,1051.428571,883.6666667,898.625,550.125,1005.285714,443,521.5,736.2,986.2,906.5,451.8,1253.8,2185.8,921.8,691.7,1163.7,690.1,704.8,473.6,1402.9,1007.7,723.2,1095.5,1022.4,980.1,396.8,859.5,933,801.3,816.8,669,1310.5,2,2,1.9,1.9,1.6,1.7,1.2,1.3,1.8,1.8,1.9,1.9,1.9,1.7,1.7,1.9,1.6,1.7,1.6,2.2,1.6,1.8,1.7,1.7,1.8,1.7
19590,Female,1.533333333,Medium,1467.4,1623,978.4,1291.5,1291,2051.8,1447.2,1164.7,1855.8,1131.9,1504.8,1499.8,1180.1,901.7,1627.9,1370.2,1553,1415.9,1482.5,1208.2,962,1135.1,1856.4,1244,1334.2,1592.8,506,887.6,1033.2,1260.4,723.7777778,900.8888889,764.6,1261.8,875.3333333,1151.3,800.6,608.2,1111,1851.6,586.6,1433.2,661.6,1080.7,912.4,1110.3,1460.1,1245.4,788.3,577.4444444,947,980.3,628.2,816.6,475.8888889,640.375,630.7,1420.5,947.6,837.7777778,827.1,804,623.4,715.2,651.3333333,591.5714286,1030,780.1,857,1002.1,1058.6,892.1111111,478.4444444,868.5,1150.7,615.1,583.4444444,801.5555556,2.1,1.9,2,2,1.8,1.8,1.9,1.5,2.1,1.6,1.9,1.9,2,1.3,2.1,1.8,2,1.9,2,1.7,1.3,1.4,2.1,2.3,2.5,2.4
19603,Male,1.8,Low,1721.8,1686.6,1317.4,1924.6,1435,1966.1,1625.1,1416,1614.2,1706.5,1452,1704.2,1517,1829,1474,1530.3,2007.4,1270.9,1603.3,1197.3,1522.6,1658.1,1553.1,1679.8,1435.2,1821,704.4444444,532.1,538.9,535.9,696.4,653.3,433.6,559.8,507.5,655.8,893.1111111,384.1,682.9,315.8,504.9,840.2,491.3333333,635.4,894.7,654.9,518.3,503.6,947.8,400.7,456.6,573.5,660.6,784.5,491,1024.7,682.4,1400.3,674.2,574.7,673,684.4,658.5555556,894.4,567.5,553.3,766.3,736.4,1245.6,732.9,876.6,657.7,586.5,531.2,849,848.5,580.8,865.2,2.1,2,2.3,2.4,2.2,2,2.5,2.1,2.1,2.3,2.3,2.4,2.1,2.5,1.8,1.8,2,2,2,1.9,2.3,2.5,1.7,2,2.2,2.1